date,code,value,amount,ratio,yr
2021-04-12,300725,63157.89472280703,390771557.0,0.00016162357160198082,2021
2021-04-12,300012,26842.105257192972,707952390.0,3.791512767856179e-05,2021
2021-05-06,300588,45140.0506784085,29532411.0,0.0015284918890776816,2021
2021-05-06,002262,45140.0506784085,122934237.0,0.0003671886024591221,2021
2021-05-27,002568,75559.32636256705,532182213.0,0.00014198017993992417,2021
2021-06-07,603393,57318.76243921317,89829807.0,0.0006380817721139395,2021
2021-06-07,600769,57318.76243921317,53135123.0,0.0010787358568684065,2021
2021-06-17,300503,58472.966531872815,41990299.00000001,0.0013925351313138494,2021
2021-06-17,002866,58472.966531872815,68301527.0,0.0008561004284995387,2021
2021-06-28,002318,67748.1034113008,232229929.0,0.00029172856273534324,2021
2021-07-08,603267,77103.7235880161,895863272.0,8.606639651147135e-05,2021
2021-07-08,603681,77103.7235880161,57153524.0,0.0013490633331378849,2021
2021-07-19,688388,73668.89377072771,1223538059.0,6.020972803325581e-05,2021
2021-07-19,300446,71866.02630528084,22552945.0,0.0031865473136781404,2021
2021-07-29,300015,45679.97949812467,3394273172.0,1.3457956146531587e-05,2021
2021-07-29,000607,45679.97949812467,8322203.0,0.005488928772600796,2021
2021-08-09,600211,18449.711383752838,261130175.00000003,7.065331068595514e-05,2021
2021-08-09,603896,8948.11002112011,35727263.0,0.0002504560738705372,2021
2021-08-09,600513,18241.11329254499,22241255.000000004,0.0008201476621955455,2021
2021-08-09,688177,17658.95010235738,80349691.0,0.000219776204271369,2021
2021-08-09,300281,17076.786912169773,58516953.0,0.0002918263176172172,2021
2021-08-09,300049,15682.254676189921,225595687.0,6.951486921019869e-05,2021
2021-08-19,601003,19626.85052877,92934149.0,0.00021119094261862773,2021
2021-08-19,000963,19038.04501290691,1932420557.0,9.851916004486446e-06,2021
2021-08-19,000989,17860.433981180722,166792281.0,0.00010708189775988927,2021
2021-08-19,002755,17271.628465317615,19111414.0,0.0009037336779642582,2021
2021-08-19,603367,8341.41147472724,35968217.0,0.00023191061916489326,2021
2021-08-30,688177,19415.12541770209,89221668.0,0.00021760549710527817,2021
2021-08-30,600062,18214.189824854533,44021330.00000001,0.00041375828092550884,2021
2021-08-30,601007,14645.117194619223,15634427.0,0.0009367223496338703,2021
2021-08-30,600257,14145.85183571175,282059388.00000006,5.0152033357286257e-05,2021
2021-09-09,000708,72054.77302198263,647346888.0,0.00011130782329795124,2021
2021-09-22,002208,64890.93390433492,98146134.0,0.0006611664796122781,2021
2021-09-22,600036,64890.93390433492,5492053805.0,1.1815422100427678e-05,2021
2021-10-08,603386,23012.49287593675,40505177.0,0.0005681370772910522,2021
2021-10-08,600226,22322.118089658627,106250170.0,0.0002100901870524878,2021
2021-10-08,600201,28698.195685007235,322043432.0,8.911281160675009e-05,2021
2021-10-08,300819,20941.368517102426,41528138.00000001,0.0005042693827761414,2021
2021-10-08,002027,26866.395960432317,1743286278.9999998,1.5411350553303083e-05,2021
2021-10-08,300482,25950.496098144846,306381879.0,8.469983989537726e-05,2021
2021-10-18,000060,19714.814644776554,820356814.0000001,2.403199962300374e-05,2021
2021-10-18,300041,19123.370205433253,99627718.0,0.00019194829099099966,2021
2021-10-18,300248,24885.71823844676,23344793.0,0.001066007235037242,2021
2021-10-18,603011,20847.17210559471,23785066.0,0.000876481574850148,2021
2021-10-18,300580,17349.036887403352,33500263.0,0.0005178776324055531,2021
2021-10-18,002189,22503.04308795717,44434933.00000001,0.0005064268486228428,2021
2021-10-28,300179,14848.169291976592,292677556.00000006,5.073217603326095e-05,2021
2021-10-28,300695,22974.12841035018,7892497.0,0.00291088212138062,2021
2021-10-28,600378,13511.834055698684,200017964.0,6.755310265881261e-05,2021
2021-10-28,600176,13066.38897693939,1359813961.0,9.60895339486766e-06,2021
2021-10-28,002870,22204.37668526112,16534444.0,0.0013429164406895762,2021
2021-11-08,600760,44591.41224028002,664425760.0,6.711270833370462e-05,2021
2021-11-18,300487,45711.27809500639,654400679.0000001,6.985212509995941e-05,2021
2021-11-29,300522,72455.83432754278,38188083.0,0.0018973414907352845,2021
2021-12-09,603127,32216.147313263376,393693438.00000006,8.183054174569039e-05,2021
2021-12-09,603309,26083.051962079706,91727451.0,0.0002843538294995214,2021
2021-12-09,603369,25235.982062056286,1256010499.0,2.00921744540738e-05,2021
2021-12-09,603267,26580.469276596483,353080594.0,7.528159215852141e-05,2021
2021-12-09,600809,22491.16631096624,3532185031.0,6.367493807253565e-06,2021
2021-12-09,002142,12799.243372804658,1267093746.0,1.0101260000066844e-05,2021
2021-12-20,002949,34993.890237755106,29397805.000000004,0.0011903572473439803,2021
2021-12-20,688160,30775.960001097694,12333026.0,0.0024954102911238243,2021
2021-12-20,600456,32894.2568234898,550957196.0000001,5.970383373210319e-05,2021
2021-12-20,300383,31844.440116357135,247929748.0,0.00012844138459882246,2021
2021-12-20,300577,30794.623409224496,23841772.000000004,0.0012916247755923717,2021
2021-12-30,603330,41003.27080580332,67064543.00000001,0.0006114001374139433,2021
2021-12-30,688008,19886.586340814596,573571162.0,3.467152405548345e-05,2021
2021-12-30,300813,38543.074557455126,76303864.0,0.000505126117301938,2021
2021-12-30,002841,36082.8783091069,186515112.0,0.00019345820251340758,2021
2021-12-30,600030,17426.3900924664,2057978148.0,8.467723580739595e-06,2021
2022-01-10,603139,32712.60451948739,63202364.0,0.0005175851415856437,2022
2022-01-10,603456,31731.226383902747,473916905.0,6.695525322926125e-05,2022
2022-01-10,300012,30749.84824831815,149141878.0,0.00020617849701690192,2022
2022-01-10,600267,29768.470112733532,113677996.0,0.00026186659828814654,2022
2022-01-10,600513,28787.091977148884,49002447.0,0.0005874623358533275,2022
2022-01-10,300281,27805.71384156427,31899856.0,0.0008716564062723126,2022
2022-01-20,300550,23670.07159041733,38694732.0,0.0006117130257012074,2022
2022-01-20,002422,11479.984721352397,638974615.0,1.7966261024864653e-05,2022
2022-01-20,600267,22249.86729499231,1045180718.0,2.1288057569190927e-05,2022
2022-01-20,300314,21539.765147279773,108949613.0,0.00019770391609633136,2022
2022-01-20,603506,20829.662999567263,32859138.0,0.0006339077732217827,2022
2022-01-20,300677,20119.560851854752,1017787264.0,1.9767943226940156e-05,2022
2022-02-07,600986,19851.666257271045,563422808.0,3.5234047992730614e-05,2022
2022-02-07,600873,17946.700363223328,282801983.0,6.346030594567411e-05,2022
2022-02-07,300661,18660.56628183479,707581143.0,2.6372334065769172e-05,2022
2022-02-07,002294,15078.266933489384,135584487.0,0.00011120938145002815,2022
2022-02-07,601456,17469.46630639853,1057735719.0,1.651590845671208e-05,2022
2022-02-07,688617,14736.55358498087,113727673.0,0.00012957755308139356,2022
2022-02-17,688617,19649.824987772587,90018839.0,0.00021828569670591494,2022
2022-02-17,300077,21824.80561619015,472088317.00000006,4.623034468398028e-05,2022
2022-02-17,002240,19711.624437352446,2210280507.0,8.918155127788243e-06,2022
2022-02-17,000513,19124.829663671775,505451409.0,3.783712800704009e-05,2022
2022-02-28,605116,19871.879527212066,70790127.00000001,0.0002807154100346799,2022
2022-02-28,300683,19275.723141395698,100576074.0,0.00019165316734669617,2022
2022-02-28,688687,18679.56675557933,82710869.0,0.00022584174222107774,2022
2022-02-28,688356,18083.41036976296,185987280.00000003,9.722928562514037e-05,2022
2022-02-28,000153,17487.25398394662,44358082.0,0.00039422926320273766,2022
2022-02-28,300813,16891.09759813025,49143381.0,0.00034371053139649164,2022
2022-06-07,603309,74038.50436941891,33738293.0,0.002194494676106432,2022
2022-06-07,002422,14807.700873883767,262607452.0,5.6387207450166976e-05,2022
2022-06-17,600332,34949.88985881363,239103695.0,0.0001461704297744693,2022
2022-06-17,000995,16950.696581524597,93454630.0,0.00018137888493619414,2022
2022-06-17,600741,26063.297864045948,433920383.00000006,6.0064700542186665e-05,2022
2022-06-17,600850,27606.219001679703,84065897.0,0.0003283878479483744,2022
2022-06-17,002559,29197.603986584356,24257128.0,0.0012036711018132218,2022
2022-06-17,600133,29707.406379991593,82065900.0,0.0003619945236692901,2022
2022-06-27,300896,22793.439988824197,949176112.0,2.4013920810539948e-05,2022
2022-06-27,300813,22004.67049772244,60759096.0,0.0003621625722957175,2022
2022-06-27,002940,21324.11367820523,63299195.00000001,0.0003368781179319141,2022
2022-06-27,600521,10321.778429344013,364695137.00000006,2.8302484409996427e-05,2022
2022-06-27,300122,19963.00003917087,2200885239.0000005,9.07044115041696e-06,2022
2022-06-27,300272,19282.44321965369,39261219.0,0.0004911320562831657,2022
2022-07-07,300946,35746.26908534018,39565364.0,0.0009034737829112398,2022
2022-07-07,002488,17336.940506389983,108637818.0,0.00015958476362614338,2022
2022-07-07,601882,45099.17902173202,35038606.0,0.0012871282328335786,2022
2022-07-07,300606,21829.92176051922,18472094.0,0.0011817784037109827,2022
2022-07-07,600366,16415.948398946028,382162747.0,4.295538622697316e-05,2022
2022-07-07,605128,30384.32872253917,188436049.00000003,0.00016124477712085316,2022
2022-07-18,300196,31345.299474574727,135431565.0,0.00023144751723554793,2022
2022-07-18,603920,30404.94049033747,174249699.0,0.00017449063421531345,2022
2022-07-18,000060,29464.58150610024,230936359.00000003,0.0001275874515112635,2022
2022-07-18,600378,28524.222521862983,86361393.0,0.0003302890508246316,2022
2022-07-18,603681,27583.863537625755,52970974.0,0.0005207354415953491,2022
2022-07-18,300819,26643.50455338852,67082625.0,0.00039717444797946594,2022
2022-07-28,300196,31625.176264144848,92694401.0,0.00034117676928668915,2022
2022-07-28,688625,30676.4209762205,20444958.000000004,0.0015004394225813765,2022
2022-07-28,603681,29727.665688296147,202758069.0,0.00014661643718996036,2022
2022-07-28,300179,28778.910400371802,385690315.0,7.461662707390462e-05,2022
2022-07-28,300127,31152.47439178937,253306297.0,0.00012298341873352389,2022
2022-08-09,300573,18682.218733997677,205112318.0,9.108287067380164e-05,2022
2022-08-09,600062,23019.52302543242,720183390.0,3.196341840851456e-05,2022
2022-08-09,688356,20183.073014907128,57398569.0,0.0003516302473482767,2022
2022-08-09,688166,21595.63500324074,74478949.00000001,0.000289956226466632,2022
2022-08-09,002923,16440.352485917952,26242856.0,0.0006264696375241304,2022
2022-08-09,605116,20171.74698104903,33124176.000000004,0.0006089735479321516,2022
2022-08-19,600900,28422.703676491186,898727158.0,3.162550883601003e-05,2022
2022-08-19,600989,27570.02256619645,506054289.00000006,5.448036537873597e-05,2022
2022-08-19,600285,33677.321162901346,116307545.0,0.0002895540539773352,2022
2022-08-19,605028,32602.513040681082,39534464.00000001,0.0008246605554252886,2022
2022-08-19,002402,17445.33005488166,801539813.0,2.176477047295673e-05,2022
2022-08-19,002109,30452.89679624056,57620897.0,0.0005285043861125688,2022
2022-08-29,688621,23602.14474693286,70494204.0,0.0003348097206251575,2022
2022-08-29,300012,22894.08040452489,191231363.0,0.00011971927640616614,2022
2022-08-29,000952,22186.01606211689,26244500.000000004,0.0008453586870436429,2022
2022-08-29,600513,18061.00485821994,36229183.0,0.000498520898421031,2022
2022-08-29,300233,17465.587115641247,130124538.0,0.00013422208742551884,2022
2022-08-29,002550,16870.169373062578,85722837.0,0.00019679900903259392,2022
2022-09-08,002623,29032.491995119,151681392.0,0.00019140444066546408,2022
2022-09-08,688556,12766.554479986991,285188162.99999994,4.476537295829839e-05,2022
2022-09-08,002353,27290.542475411858,234661942.0,0.00011629726679502149,2022
2022-09-08,600674,20959.52372100957,169680855.0,0.00012352320903268415,2022
2022-09-08,600900,20268.550411525746,614593750.0,3.2978777300494425e-05,2022
2022-09-08,688578,10775.893278854997,49575861.0,0.00021736169703346145,2022
2022-09-20,002937,43626.8788912153,215762780.00000003,0.00020219835363270393,2022
2022-09-20,002756,43626.8788912153,1057138954.0,4.1268821592601446e-05,2022
2022-10-20,688356,43571.32604931965,170757500.0,0.00025516493301506316,2022
2022-10-20,601007,43571.32604931965,85685666.0,0.0005085019243395931,2022
2022-11-01,601998,44383.854913850046,133772757.0,0.0003317854539983058,2022
2022-11-01,002756,44383.854913850046,1033614189.0,4.294044662524466e-05,2022
2022-11-11,688166,49994.330535623405,99594540.0,0.0005019786279009211,2022
2022-11-11,600513,42495.18095527989,137362965.0,0.0003093641794589967,2022
2022-11-21,002460,47717.952451300625,1643627539.0,2.9032095970071614e-05,2022
2022-11-21,600809,47717.952451300625,1169034364.0,4.081826327844425e-05,2022
2022-12-02,603757,59617.01569670128,181637311.0,0.0003282200962372829,2022
2022-12-02,603856,34239.50225063181,19690874.0,0.0017388513201918722,2022
2022-12-12,002594,77618.21430646497,2168695196.0,3.5790282769854476e-05,2022
2022-12-12,000155,77618.21430646497,480050577.0,0.00016168757632066126,2022
2022-12-22,603259,76085.65088500899,1331601402.0,5.713845807816969e-05,2022
2022-12-22,002560,76085.65088500899,59104363.0,0.0012873102258966734,2022
2023-01-03,300969,19644.764146365873,51885619.99999999,0.00037861673709143067,2023
2023-01-03,300573,22829.977502366084,413090762.0,5.5266250428437525e-05,2023
2023-01-03,300233,22123.895723942383,536934943.0000001,4.120405276723139e-05,2023
2023-01-03,300314,21417.813945518712,46601419.99999999,0.00045959573647152204,2023
2023-01-03,601168,16431.3075192287,172585263.0,9.520689793327661e-05,2023
2023-01-03,688111,21411.89029443596,1027921742.0,2.083027279175496e-05,2023
2023-01-13,002372,37460.62992065355,209513111.0,0.00017879849973042282,2023
2023-01-13,603856,16088.930983259703,35623167.0,0.00045164235350719106,2023
2023-01-13,601890,35212.992125414334,203816166.0,0.00017276839622924872,2023
2023-01-13,603017,30634.803674044855,18146644.0,0.0016881801215720578,2023
2023-01-13,300564,29624.865091384036,4684473.000000001,0.006324055041278716,2023
2023-01-13,605122,31841.53543255551,7353079.0,0.00433036765041631,2023
2023-01-30,603637,30468.4441429159,21889510.0,0.0013919198804777221,2023
2023-01-30,600769,29526.12112818653,41310392.0,0.000714738343034521,2023
2023-01-30,301038,26404.507196650524,16543712.0,0.001596044901933165,2023
2023-02-09,300993,31763.497356335363,26063226.000000004,0.0012187093553321204,2023
2023-02-20,002906,20443.635921422985,113479683.0,0.00018015238834799164,2023
2023-02-20,688059,34634.69066020367,36138520.0,0.0009583870800520793,2023
2023-02-20,601882,33563.51466040355,134787615.0,0.0002490103757708269,2023
2023-02-20,300488,18603.708688494906,18684720.0,0.0009956643015520117,2023
2023-02-20,688210,17990.399610852215,23285007.0,0.0007726173159772816,2023
2023-02-20,002488,17377.090533209524,140726255.0,0.00012348151049148238,2023
2023-03-02,603025,31903.987783557986,365489971.0,8.729100745573669e-05,2023
2023-03-02,002293,32326.115755624545,40033051.0,0.0008074856886532217,2023
2023-03-02,301061,15663.169489838703,27198788.0,0.0005758774799023656,2023
2023-03-02,002182,30326.562203730246,662465521.0,4.577832542583034e-05,2023
2023-03-02,300384,29326.78542778311,31590971.0,0.0009283280791775318,2023
2023-03-02,600582,28327.00865183595,124840816.0,0.00022690502641248316,2023
2023-03-13,603369,30354.76177052582,833402524.0,3.642268999238814e-05,2023
2023-03-13,688195,30857.436625445767,28728540.0,0.0010741038919988891,2023
2023-03-13,002541,27622.833211178535,68538990.0,0.00040302363970024267,2023
2023-03-13,688278,27994.375495249755,65117242.00000001,0.00042990726626981147,2023
2023-03-13,605499,30961.85700593634,94594563.0,0.0003273111690989718,2023
2023-03-23,002065,37940.01035425838,624022070.0000001,6.0799148264513106e-05,2023
2023-03-23,688258,36729.15895997352,108440803.0,0.0003387023882511597,2023
2023-03-23,300384,17759.153782844336,27087700.0,0.0006556168955963162,2023
2023-03-23,600018,17782.832656646908,121013654.0,0.00014694897698607553,2023
2023-04-03,688505,29511.932464954196,41575042.0,0.0007098473277538528,2023
2023-04-03,601456,28599.19228562571,650053537.0000001,4.399513372023343e-05,2023
2023-04-03,688002,32891.45326258269,253208538.00000003,0.0001298986737271185,2023
2023-04-03,300450,26773.711926968765,561901964.0000001,4.764836865202478e-05,2023
2023-04-03,603040,29362.540526835404,49926482.0,0.0005881155521199232,2023
2023-04-13,603176,42074.855679440596,39840289.0,0.0010560881142062145,2023
2023-04-13,603637,38919.241503482524,45280778.0,0.0008595091167268046,2023
2023-04-13,603616,62022.50684449121,23504797.0,0.002638716975283437,2023
2023-04-24,688212,24447.769423920945,80129579.0,0.0003051029311400843,2023
2023-04-24,300580,22702.524657311973,145721788.0,0.00015579361857206948,2023
2023-04-24,000887,20836.018954360377,227895996.0,9.142775353701422e-05,2023
2023-04-24,300154,22247.470175768074,11352609.0,0.001959679063708446,2023
2023-04-24,300753,21514.03709305044,106080202.0,0.00020280916407993302,2023
2023-04-24,300041,19893.964905891957,93519220.0,0.00021272594987310582,2023
2023-05-04,603983,80752.94918465805,81643949.0,0.0009890867623840445,2023
2023-05-15,603105,57101.71483770952,250638342.0,0.0002278251379340417,2023
2023-05-15,603088,57101.71483770952,35668837.0,0.0016008852443860034,2023
2023-05-25,300509,69939.52348312578,21977828.000000004,0.0031822764052537754,2023
2023-05-25,688301,59650.1593262808,116309188.0,0.0005128585312304029,2023
2023-06-05,003006,40516.65107130845,60415861.0,0.0006706293744834399,2023
2023-06-05,600880,40516.65107130845,273545943.0,0.00014811643933358736,2023
2023-06-15,300996,54063.49061683281,57508374.0,0.0009400977084977713,2023
2023-06-15,603613,45953.9670243079,906333069.0,5.070317810979917e-05,2023
2023-07-06,688505,70520.66719172089,9421257.0,0.007485271571693765,2023
2023-07-06,000333,29971.283556481365,995554523.0,3.0105115153478506e-05,2023
2023-07-17,605086,39648.29474469561,14683493.0,0.0027001950247598177,2023
2023-07-17,300871,58679.4762351894,19734343.0,0.002973469967314818,2023
2023-07-27,002167,47943.118572887695,103163519.0,0.00046472938338685106,2023
2023-07-27,603088,47943.118572887695,91270022.0,0.0005252887807224117,2023
2023-08-07,688366,61099.93543597596,158416277.0,0.00038569228234025445,2023
2023-08-07,603590,61099.93543597596,64068035.99999999,0.0009536726775263716,2023
2023-08-17,688789,51665.69315402559,63825271.0,0.0008094864674217457,2023
2023-08-17,600809,51665.69315402559,1013826732.0,5.096106812265983e-05,2023
2023-09-04,603613,26590.371915834075,250209278.0,0.00010627252565683866,2023
2023-09-04,603927,25792.660758359063,164317583.99999997,0.00015696835439327702,2023
2023-09-04,300668,24994.949600884043,39546260.0,0.0006320433234617899,2023
2023-09-04,300605,24197.23844340903,53898676.0,0.0004489393847709549,2023
2023-09-04,300442,23399.527285933986,321227654.00000006,7.28440624415667e-05,2023
2023-09-04,600455,11806.125132598032,41745362.0,0.00028281285793133217,2023
2023-11-15,300681,19261.085765215474,172974041.0,0.00011135246453087995,2023
2023-11-15,300863,18785.405440767216,174634195.0,0.00010757002911581672,2023
2023-11-15,002674,42605.65053059929,28733316.0,0.0014827961565800235,2023
2023-11-15,603798,17527.588046346085,32855141.000000004,0.0005334808347450429,2023
2023-11-15,603960,18785.405440767216,80051443.0,0.0002346666685417178,2023
2023-11-15,002284,18785.405440767216,452968457.0,4.1471773918172e-05,2023
2024-02-22,301257,24322.245575949302,63814620.99999999,0.0003811390743188666,2024
2024-02-22,002038,23592.578208670842,255586145.00000003,9.230773525955736e-05,2024
2024-02-22,002940,22862.910841392353,25291801.0,0.0009039653143480116,2024
2024-02-22,301187,22133.24347411389,42111735.0,0.000525583747003392,2024
2024-02-22,301333,21403.5761068354,34358949.0,0.0006229403613840284,2024
2024-02-22,688166,20673.90873955691,327540835.99999994,6.311856864026846e-05,2024
2024-03-04,000426,35528.74833729873,238662467.0,0.00014886609018961803,2024
2024-03-04,300501,33314.12302427377,23557881.000000004,0.001414139201410932,2024
2024-03-04,300727,33397.0234370608,85579463.0,0.00039024577002850326,2024
2024-03-04,002895,32331.16098694184,88006983.0,0.00036737040499322467,2024
2024-03-04,300871,31265.298536822873,23435641.0,0.0013340918875153819,2024
2024-03-04,002734,30199.43608670391,21184083.0,0.0014255720243686691,2024
2024-03-14,688059,24010.78420951027,80228118.0,0.00029928140916268625,2024
2024-03-14,601882,43608.90139936262,223274951.0,0.00019531479552026694,2024
2024-03-14,300488,20463.591022291963,31824277.0,0.0006430182537152993,2024
2024-03-14,300606,21849.81363065436,137932233.00000003,0.0001584097723601296,2024
2024-03-14,003028,19157.4043612946,39359695.0,0.00048672644341615453,2024
2024-03-14,000887,18504.31103079594,151373846.99999997,0.00012224245731692307,2024
2024-03-25,300695,23617.064519178708,19800755.000000004,0.0011927355557491976,2024
2024-03-25,688366,33353.72924809628,57703075.0,0.0005780234285277913,2024
2024-03-25,688279,32322.17061155721,41004492.0,0.000788259262218325,2024
2024-03-25,003006,19753.2433018866,43646237.99999999,0.00045257608002519263,2024
2024-03-25,601600,30259.05333847911,1851092857.0,1.6346588570126555e-05,2024
2024-03-25,600988,14613.747350970008,495464357.0,2.949505276112124e-05,2024
2024-04-08,002440,94764.74954491878,35814349.99999999,0.0026459994260657755,2024
2024-04-08,603181,94764.74954491878,16327115.000000002,0.0058041331579350534,2024
2024-04-18,600018,91864.90131607391,208505647.0,0.00044058711424767267,2024
2024-04-29,603590,67714.2778359919,58338373.0,0.0011607159122519906,2024
2024-04-29,688008,42084.78771469409,1478857848.0,2.8457628819165645e-05,2024
2024-05-09,002284,100034.5966322977,74776388.0,0.0013377832134964544,2024
2024-05-20,603986,67078.18760554281,1009544664.0,6.644400193228382e-05,2024
2024-05-30,300900,67559.55126412224,197195896.00000003,0.0003426012033441215,2024
2024-05-30,688336,67559.55126412224,23747129.000000004,0.0028449565951371315,2024
2024-06-11,688689,76267.35405448462,29710309.0,0.00256703335042677,2024
2024-06-11,688230,76267.35405448462,39809370.00000001,0.0019158141426122695,2024
2024-06-21,600690,97102.65797689487,941784839.0,0.00010310492795785478,2024
2024-06-21,601633,14371.193384003698,485281845.00000006,2.9614117099319256e-05,2024
2024-07-01,600654,55668.969501057065,28428302.0,0.0019582235161655828,2024
2024-07-01,603890,55668.969501057065,193410182.00000003,0.00028782853583715184,2024
2024-07-11,688687,53588.01848663805,105918339.0,0.0005059371114820641,2024
2024-07-11,688505,53588.01848663805,12469543.0,0.004297512626295771,2024
2024-07-22,300341,44133.480084185685,27894520.000000004,0.0015821559246829012,2024
2024-07-22,002119,44133.480084185685,230937395.00000003,0.00019110581932469482,2024
2024-08-12,301261,47046.52619195491,31890704.0,0.0014752426347174683,2024
2024-09-26,601127,32981.58974611407,3681780202.000001,8.958055053964915e-06,2024
2024-09-26,688072,29002.513394312555,273426233.0,0.00010607070534564455,2024
2024-09-26,600276,15501.347180673603,2151506359.0,7.204880950423258e-06,2024
2024-09-26,600298,14313.065736987,787226113.0,1.8181645019932158e-05,2024
2024-09-26,300759,29023.798976580383,763943428.0,3.799207888019214e-05,2024
2024-09-26,600968,29856.78477558835,305339187.0,9.778235498998807e-05,2024
2024-10-08,605088,43914.23166732807,166705857.99999997,0.00026342344650736915,2024
2024-10-08,600226,39104.43503691101,225633646.0,0.00017330941431009368,2024
2024-10-08,603211,39104.43503691101,223195391.0,0.0001752026995795402,2024
2024-10-08,002009,39104.43503691101,436248049.0,8.963807431700631e-05,2024
2024-10-08,000887,39104.43503691101,735895140.9999999,5.313859659920083e-05,2024
2024-10-08,603011,39104.43503691101,267217843.0,0.00014633916132954867,2024
2024-10-18,603176,25215.13461844538,82760496.00000001,0.00030467597268200733,2024
2024-10-18,002671,24458.680579892018,89795709.99999999,0.00027238139305198455,2024
2024-10-18,603637,23702.226541338656,23519327.0,0.0010077765635614767,2024
2024-10-18,603281,18132.72289156057,84506089.0,0.00021457297463571613,2024
2024-10-18,688143,17534.940818212403,83920596.00000001,0.0002089468098893435,2024
2024-10-18,688485,16937.158744864268,19059357.0,0.0008886532082307009,2024
2024-10-28,688258,31201.641141122753,123333134.0,0.0002529866884038052,2024
2024-10-28,603809,13707.277675192896,259284982.0,5.286568303903115e-05,2024
2024-10-28,688308,28022.719297301424,66552542.99999999,0.00042106158584055047,2024
2024-11-07,300502,25092.415567157943,4684208524.0,5.3568101075335355e-06,2024
2024-11-07,603986,43987.30680748777,2859202698.0,1.5384466039520984e-05,2024
2024-11-07,002916,23586.870633128467,952191647.0,2.477113793997446e-05,2024
2024-11-07,603309,34443.723980692055,89474050.00000001,0.0003849576942218671,2024
2024-11-07,301087,19953.005149788274,60504819.0,0.0003297754704429126,2024
2024-11-07,603181,16086.354606367164,42373733.0,0.0003796303385960157,2024
2024-11-18,002409,34709.32933549327,803855469.0,4.317856962355663e-05,2024
2024-11-18,002920,30972.714035541656,683295908.9999999,4.532840549399757e-05,2024
2024-11-18,301289,34368.085929104986,64007973.99999999,0.0005369344439663875,2024
2024-11-18,603115,26811.981930507452,21178796.0,0.001265982350012128,2024
2024-11-18,688123,31077.52451036088,228549162.0,0.00013597741614279418,2024
2024-11-28,301004,36196.61933692615,92648401.0,0.00039068800914250157,2024
2024-11-28,301099,38200.464183418386,125819026.0,0.0003036143689700665,2024
2024-11-28,605580,38924.39657015691,35407468.99999999,0.001099327279511476,2024
2024-11-28,603538,39526.708315923366,50181397.0,0.0007876765231530595,2024
2024-11-28,002350,29865.39625546571,59886357.99999999,0.0004987011608798403,2024
2024-11-28,002228,35689.866666209185,47243684.0,0.0007554420748858025,2024
2024-12-09,603211,43950.94010138953,100028493.0,0.0004393842072717174,2024
2024-12-09,688678,42632.41189834787,203058550.0,0.00020995132634576516,2024
2024-12-09,003019,28060.21866081567,248633862.00000003,0.00011285759081687621,2024
2024-12-09,001208,38676.82728922279,55376400.00000001,0.0006984352050552724,2024
2024-12-09,301390,50747.20396104964,38989043.0,0.0013015760340937233,2024
2024-12-19,601688,28346.58139864271,844035121.0,3.3584599376691944e-05,2024
2024-12-19,000776,27496.18395668345,360503682.0,7.627157593548087e-05,2024
2024-12-19,601881,26645.786514724157,486028907.0,5.482346035587582e-05,2024
2024-12-19,002552,42456.13072372429,65692818.0,0.0006462826838045567,2024
2024-12-19,600999,24944.9916308056,323963222.0,7.69994552986808e-05,2024
2024-12-19,603439,41424.26051665836,45676713.0,0.0009069010836366085,2024
2024-12-30,300247,33325.236295922376,55376271.0,0.0006017963234816294,2024
2024-12-30,600750,32325.479207044675,278919861.0,0.00011589522198652133,2024
2024-12-30,300558,31325.72211816701,169353715.0,0.00018497215793681886,2024
2024-12-30,688050,30325.96502928935,112601887.0,0.0002693202204443461,2024
2024-12-30,600380,29326.20794041169,122825720.0,0.0002387627602786427,2024
2024-12-30,002550,28326.450851534028,97183697.0,0.0002914732792222756,2024
2025-01-09,688070,37241.6778165896,23893925.0,0.0015586253751357134,2025
2025-01-09,688072,35410.27076086443,368297959.00000006,9.614571543380293e-05,2025
2025-01-09,300866,20936.93995866754,449055152.0,4.6624428793253304e-05,2025
2025-01-09,688004,40493.422337642754,22026718.000000004,0.001838377480369193,2025
2025-01-09,688058,39112.9647579504,15616142.0,0.0025046496604571346,2025
2025-01-20,603519,27621.273943086224,40890057.0,0.0006755009889833664,2025
2025-01-20,301061,38057.72119999097,138524204.99999997,0.0002747369761117992,2025
2025-01-20,603486,27541.109242504168,727039752.0,3.788116009714991e-05,2025
2025-01-20,002248,25135.359288208463,56898214.99999999,0.00044176006730981747,2025
2025-01-20,688767,25783.16609936561,15871870.0,0.001624456733791646,2025
2025-01-20,300689,24904.194527796328,57006564.0,0.00043686538497209423,2025
2025-02-05,002594,62814.81449096132,4128876836.0,1.5213535541499818e-05,2025
2025-02-05,688508,62814.81449096132,178509690.99999997,0.0003518846183592426,2025
2025-02-17,300489,56860.73120971981,262626365.00000003,0.00021650808444049325,2025
2025-02-17,601199,63738.338913823056,30803041.0,0.0020692222860016663,2025
2025-02-17,301446,61767.05008143678,30917634.000000004,0.0019977935595407066,2025
2025-02-17,001239,29897.880624525227,32785426.0,0.0009119259461361041,2025
2025-02-17,002443,27901.184072692937,32706836.0,0.000853068883602588,2025
2025-02-17,688485,27901.184072692937,17828810.000000004,0.0015649493192587127,2025
2025-02-27,002372,45295.28830995171,271761466.0,0.00016667296131656764,2025
2025-02-27,601022,42308.78578402082,40922923.0,0.0010338651954070052,2025
2025-03-10,301486,34784.78727702267,700835837.0,4.9633288482967045e-05,2025
2025-03-10,601890,37366.203378559825,180238888.0,0.00020731487967546618,2025
2025-03-10,603167,34902.497661292145,47658209.00000001,0.0007323501741597579,2025
2025-03-31,605058,46756.12422858788,86643129.99999999,0.0005396402949499619,2025
2025-03-31,603386,45353.440501730234,70832599.0,0.0006402905038360971,2025
2025-03-31,301221,45909.564876259705,77022014.0,0.0005960577047006289,2025
2025-03-31,688392,40296.22517082201,128926358.0,0.0003125522646875824,2025
2025-03-31,300562,42979.16711820056,287164491.0,0.00014966741524529423,2025
2025-03-31,688502,41513.96823917099,208022363.0,0.00019956492965696667,2025
2025-04-10,301031,60866.29011363474,121685313.0,0.0005001942191136472,2025
2025-04-10,301167,60866.29011363474,31830119.0,0.0019122231404046822,2025
2025-04-21,301331,56119.46361845484,118467792.0,0.0004737107248394977,2025
2025-04-21,002594,56119.46361845484,2609226235.0,2.1508086522230927e-05,2025
2025-05-06,688315,70230.99200133604,86415070.00000001,0.0008127169485754745,2025
2025-05-16,600769,27044.24686966392,45057958.0,0.0006002102196833669,2025
2025-05-16,688143,45820.165996375945,64234477.0,0.000713326676519464,2025
2025-05-16,301349,44403.04746040554,42719224.0,0.0010394160591588823,2025
2025-05-16,688685,42592.16469001283,251085966.0,0.00016963180128519342,2025
2025-05-16,603167,47597.87449060849,87715293.0,0.0005426405460517414,2025
2025-05-16,300489,39783.890095066934,65743083.99999999,0.0006051418289879273,2025
2025-05-26,688046,41209.67930949212,67220826.0,0.0006130492848970961,2025
2025-05-26,300049,39973.388930207366,335499012.0,0.0001191460704814456,2025
2025-05-26,603709,18750.404085818915,30011526.0,0.0006247734315748861,2025
2025-05-26,300558,36264.517792353065,558593012.0,6.492118056133696e-05,2025
2025-05-26,301017,18297.097615567098,98889109.0,0.00018502641798064028,2025
2025-06-05,601766,47923.68618124995,331097559.0,0.00014474188914588148,2025
2025-06-05,600775,45048.26501037496,173042547.0,0.00026033057066811993,2025
2025-06-05,603590,41942.857735949176,64806033.0,0.0006472060670022678,2025
2025-06-05,603309,20280.063081118256,32139046.000000004,0.00063101011402511,2025
2025-06-05,603259,20367.566627031214,1572693307.0000002,1.2950755583670333e-05,2025
2025-06-16,600288,53550.71891288227,77012631.00000001,0.0006953498175238587,2025
2025-06-16,000657,33269.15297658518,471273781.0,7.059410966167282e-05,2025
2025-06-16,001223,32207.371498609074,22899115.0,0.001406489792230358,2025
2025-06-16,301132,31145.590020632928,58053794.00000001,0.0005364953412111691,2025
2025-06-16,688531,15041.904271328389,139465082.0,0.00010785426757450578,2025
2025-06-26,603040,33156.95156603716,90259522.0,0.00036735128694828634,2025
2025-06-26,300427,32162.243019056063,260020209.0,0.00012369132054292005,2025
2025-06-26,688258,44228.089213010055,269455745.0,0.00016413860173220674,2025
2025-06-26,000776,41405.01968877537,1217574287.0,3.400615480374001e-05,2025
2025-06-26,603259,39993.48492665801,2090934201.0,1.9127089177426492e-05,2025
2025-07-07,601098,31516.320116819345,158446259.00000003,0.00019890857831373184,2025
2025-07-07,002284,52829.7762326868,77579970.0,0.0006809718569456369,2025
2025-07-07,603105,51195.86562755216,84888267.0,0.0006030970761548491,2025
2025-07-07,002576,39979.97705141678,69977492.0,0.0005713262351759732,2025
2025-07-07,603178,47928.0444172829,70269734.0,0.0006820581449373766,2025
2025-07-07,300690,37343.934608466254,76576298.0,0.00048766962603058006,2025
2025-07-17,301328,47634.28164297327,96013377.0,0.0004961213023782433,2025
2025-07-17,000887,44776.22474439486,994065232.0,4.5043547750189155e-05,2025
2025-07-17,600869,43347.196295105656,184899385.00000003,0.00023443667103114295,2025
2025-07-17,300428,41918.16784581645,120265294.0,0.00034854750237268327,2025
2025-07-17,605228,21530.134901843405,100011473.0,0.00021527665032834188,2025
2025-07-28,688143,31031.47511769194,122381979.0,0.00025356245561033086,2025
2025-07-28,301486,30100.53086416117,226920812.0,0.0001326477311572513,2025
2025-07-28,600769,41529.90841899914,55460584.99999999,0.0007488184341906805,2025
2025-07-28,688685,34790.281720817984,127983969.0,0.0002718331209185893,2025
2025-07-28,301183,33643.349356395454,481730956.0,6.98384626052461e-05,2025
2025-07-28,301349,26376.753850038145,122066160.0,0.00021608571818789208,2025
2025-08-07,300489,44449.83543014182,298459978.0,0.00014893063963886583,2025
2025-08-07,002443,49616.14036755047,92208227.0,0.0005380879991060936,2025
2025-08-18,003033,56681.658924081064,389574992.00000006,0.00014549614345902637,2025
2025-08-18,600378,57998.15833996481,681180855.0,8.514355316102478e-05,2025
2025-08-18,605589,58649.53337732762,759425944.9999999,7.722877228974265e-05,2025
2025-08-18,688685,49078.27326367672,210374456.0,0.00023329007806763725,2025
2025-08-28,688186,65109.12912665194,403504440.0,0.00016135913926164467,2025
2025-09-08,688337,64052.389447039226,111847208.0,0.0005726775892969919,2025
2025-09-08,300969,51858.52256004157,324504621.0,0.00015980827145152293,2025
2025-09-08,688123,60209.24608021687,397522761.0,0.0001514611287382784,2025
2025-09-08,600497,25646.576734594484,850810017.0,3.0143717424749697e-05,2025
2025-09-08,300580,26980.574498811486,821083190.0,3.285973312742097e-05,2025
2025-09-18,688143,48516.655446819175,426288763.0,0.00011381171557369711,2025
2025-09-18,301349,46697.280867563466,150121503.0,0.0003110632383394367,2025
2025-09-18,301486,44877.90628830776,1028047919.0,4.365351600727063e-05,2025
2025-09-18,688685,66820.54206067015,482755549.0,0.00013841486068691497,2025
2025-09-18,603011,63997.138875008015,1342222037.0,4.767999415212106e-05,2025
2025-09-29,300249,31474.018505025073,324773266.0,9.691074297052848e-05,2025
2025-09-29,301041,30500.595252292358,72526819.00000001,0.00042054229970147115,2025
2025-09-29,002141,51085.565049840494,69760638.0,0.0007322978475317341,2025
2025-09-29,002198,51603.16038583171,27353982.000000004,0.00188649536969907,2025
2025-09-29,002777,49843.961736314704,128518035.0,0.0003878363199088338,2025
2025-10-09,688301,42849.33191999697,438635319.00000006,9.768782873591847e-05,2025
2025-10-09,600288,43852.23814636868,307947119.00000006,0.00014240184577394495,2025
2025-10-09,688531,38992.89204719725,464498967.00000006,8.394613296782046e-05,2025
2025-10-09,688386,41053.1591157494,133526892.0,0.00030745236784025044,2025
2025-10-09,300446,36421.93213199746,159661746.0,0.00022811934007033508,2025
2025-10-20,002823,55420.95275050215,267479573.0,0.00020719695387917396,2025
2025-10-20,688625,47972.049267756345,78889146.99999999,0.0006080944095866108,2025
2025-10-20,688531,46488.37764091851,162877635.0,0.0002854190364497772,2025
2025-10-20,603726,54816.3605386785,484609120.0,0.00011311458715155526,2025
2025-10-20,301216,52947.62097485992,543170405.0,9.747883995053067e-05,2025
2025-10-30,603018,62739.06373242683,38621979.00000001,0.0016244393828816182,2025
2025-10-30,300788,60856.891820454024,53630849.0,0.0011347366852323003,2025
2025-10-30,301087,57092.547996508445,305801245.99999994,0.00018669821900107122,2025
2025-10-30,603309,46082.26057189243,62658891.0,0.0007354464759341564,2025
2025-10-30,600115,26664.102086281386,662727072.0,4.023391108169697e-05,2025
2025-11-10,601199,152031.30077240992,42501566.0,0.003577075272294906,2025
2025-11-20,600459,118652.40208412797,1115985782.0,0.00010632071124731227,2025
2025-11-20,600151,115748.67237589673,421385054.0,0.00027468623122047593,2025
2025-12-01,688519,135678.0184074213,376876772.0,0.00036000631635483573,2025
2025-12-01,301626,135678.0184074213,222932497.00000003,0.0006086058346505726,2025
2025-12-11,605116,114289.80372365075,27534770.0,0.004150744811874251,2025
2025-12-11,688302,111492.83802728857,395973924.0,0.0002815661114778067,2025
2025-12-22,301200,141914.2783792986,581365344.0,0.00024410515666943263,2025
2026-01-05,688143,33458.94957032596,403372112.0,8.294809823224953e-05,2026
2026-01-05,603856,74324.84217530432,67743654.0,0.0010971484085476747,2026
2026-01-05,001239,72026.1357162743,58934454.0,0.001222139696352736,2026
2026-01-05,301446,69727.42925724425,44958243.0,0.0015509375946307388,2026
2026-01-05,301429,67428.72279821424,41289730.00000001,0.0016330628172723392,2026
2026-01-05,301486,56880.214269554206,1304882099.9999998,4.359030924675434e-05,2026
2026-01-15,601022,82297.78904696985,149320183.0,0.0005511498003385774,2026
2026-01-26,301349,58260.94537387602,161367815.0,0.0003610443964546215,2026
2026-01-26,603167,62312.47827505406,64823905.0,0.0009612577069378042,2026
2026-02-05,688302,71031.3313396041,36759718.0,0.001932314370300776,2026
2026-02-05,300791,68900.39139941595,79962346.0,0.0008616604545271339,2026
2026-02-05,600062,64615.59819248006,122048611.0,0.0005294251008926276,2026
2026-02-05,600351,62553.39825016687,92379993.0,0.0006771314460931694,2026
2026-02-05,300181,62507.571578851625,279711259.0,0.00022347177515243184,2026
2026-02-05,600750,30520.5591498259,171424675.0,0.000178040641756071,2026
2026-02-24,688507,60799.12997926255,191001121.00000003,0.0003183181840030276,2026
2026-02-24,603918,58975.156079884655,340464142.0,0.00017321987488445892,2026
2026-02-24,301591,46543.580294286076,102447599.0,0.00045431596980897597,2026
2026-02-24,002380,55327.20828112893,192121241.0,0.00028798069382202736,2026
2026-02-24,688301,43572.71346699123,222844771.00000003,0.0001955294408366047,2026
2026-02-24,301628,42087.28005334383,495469182.0,8.494429438266017e-05,2026
2026-03-06,300357,112125.25717828739,189565716.0,0.0005914848926495094,2026
2026-03-06,600563,61891.29248091775,805356182.0,7.684959011206517e-05,2026
2026-03-06,301282,59916.038465569334,244235284.00000003,0.0002453209769050787,2026
2026-03-06,605058,57940.78445022085,96968596.0,0.0005975211237483613,2026
2026-03-06,603082,44541.85474161522,119410955.0,0.0003730131355336302,2026
2026-03-16,688429,62431.526193611455,60958030.0,0.0010241723066446119,2026
2026-03-16,688200,52837.23804454508,848088748.0000001,6.230154352259497e-05,2026
2026-03-16,605116,58569.78230534683,184020888.0,0.00031827790280713586,2026
2026-03-16,603538,56638.91036121452,804173337.0000001,7.043122142361518e-05,2026
2026-03-16,300189,54708.038417082214,2509762835.0,2.179809090092061e-05,2026
2026-03-26,688618,42021.177686310104,57154868.99999999,0.0007352160615801623,2026
2026-03-26,300722,40760.542355720776,102003620.0,0.00039959897850410384,2026
2026-03-26,301086,50175.55756410175,191067992.0,0.00026260577210704004,2026
2026-03-26,301153,48574.20998226867,78236913.0,0.0006208605135311087,2026
2026-03-26,301110,46972.86240043564,83329431.00000001,0.0005637007457837511,2026
2026-03-26,600345,35718.00103336355,642652649.0,5.5579014711823825e-05,2026
2026-04-07,300723,56827.68009922753,626935774.0,9.064354349513883e-05,2026
2026-04-07,688202,55122.84969625074,185172325.0,0.0002976840610293722,2026
2026-04-07,300434,53418.019293273894,93337012.0,0.000572313363676929,2026
2026-04-07,300558,51713.18889029704,262570339.0,0.0001969498500373153,2026
2026-04-07,688658,50008.358487320256,259826418.00000003,0.0001924683366389643,2026
2026-04-07,300497,48303.5280843434,1319297716.9999998,3.6613061223347365e-05,2026
2026-04-17,000703,58185.970090156115,1255722231.0,4.633665682881115e-05,2026
2026-04-17,603663,55988.867859551836,444358268.00000006,0.0001259993835864709,2026
2026-04-17,300661,54694.81188474675,1621578029.0000002,3.3729374045895354e-05,2026
2026-04-17,300826,52949.23278204206,38536357.0,0.0013740072208185653,2026
2026-04-17,300878,51203.65367933744,45574835.0,0.0011235071652884194,2026
2026-04-17,688796,49458.074576632695,169725348.99999997,0.0002914006356035403,2026
2026-04-27,600724,26727.313142315903,67451734.0,0.000396243529370437,2026
2026-04-27,001368,77702.08563023794,47142548.0,0.0016482368672613525,2026
2026-04-27,002366,72742.37803681854,636895083.0,0.00011421406755752664,2026
2026-04-27,002416,70262.52424010879,479966628.0,0.00014639043662866659,2026
2026-05-07,688143,75739.56661123001,872311009.0000001,8.682633353218405e-05,2026
2026-05-07,301183,72794.39598285129,1479322420.0,4.9207931279004947e-05,2026
2026-05-07,603281,35597.59630727809,422185738.0,8.431738238224922e-05,2026
2026-05-07,601199,38158.86562092502,348289672.0,0.0001095607153717869,2026
2026-05-07,002443,36857.99520202985,393657305.0,9.362964876780287e-05,2026
2026-05-18,002376,67275.05938879609,86092958.0,0.000781423486329696,2026
2026-05-18,002847,65256.80760713215,415470963.0,0.00015706707187412313,2026
2026-05-18,600018,63238.55582546828,257133542.0,0.0002459366262899621,2026
2026-05-18,600643,61220.304043804405,58181385.0,0.0010522318099475357,2026
2026-05-18,301191,59202.05226214055,561412711.0000001,0.00010545192707997047,2026
2026-05-18,300464,57183.800480476675,227627469.0,0.0002512166072561158,2026
2026-05-28,603803,47012.2496813116,414266683.0,0.00011348305719606132,2026
2026-05-28,000534,72523.47529150771,1338288772.0,5.419120059053123e-05,2026
2026-05-28,600572,79864.18319355352,101332228.0,0.0007881419837482851,2026
2026-05-28,600030,77315.32628312099,3548082136.0,2.1790737451834736e-05,2026
2026-05-28,600150,74766.46937268837,3446527797.0,2.1693273281523564e-05,2026
2026-06-08,688002,157169.28231543562,1236846020.0,0.00012707263456726459,2026
2026-06-08,301500,157169.28231543562,286816151.00000006,0.0005479791907375383,2026
2026-06-18,301363,114646.35294641697,666009087.0,0.0001721393223969885,2026
2026-06-18,300142,114646.35294641697,846459647.0,0.00013544219544634354,2026
2026-06-29,000807,224791.46855683226,1950428032.0,0.00011525237787232145,2026
2026-06-29,001266,224791.46855683226,259463234.0,0.0008663711813475364,2026
2026-07-09,605100,66471.00667400881,177579319.0,0.0003743172743781544,2026
2026-07-09,002189,64476.87647378858,52124489.0,0.0012369785816756607,2026
2026-07-09,688213,62482.74627356827,1941797917.0,3.2177780049378986e-05,2026
2026-07-09,603681,57907.7684542185,191706280.0,0.0003020650573065134,2026
2026-07-09,603197,58494.48587312774,68589136.0,0.0008528243579730724,2026
2026-07-09,603259,56500.35567290751,6939668543.0,8.141650472615016e-06,2026
2026-07-20,301301,132461.86518121674,144722834.0,0.000915279652284979,2026
2026-07-20,300642,132461.86518121674,63027133.0,0.0021016641385419948,2026
2026-08-10,600183,42779.475073855465,13037738736.0,3.2812035844630122e-06,2026
2026-08-10,601869,41496.09082163978,4760615205.0,8.716539572040413e-06,2026
2026-08-10,002119,72092.17756060611,984770225.0,7.320710530276859e-05,2026
2026-08-10,301070,70354.1969588105,269792112.0,0.0002607718826071924,2026
2026-08-10,300383,68034.82782830027,946451654.0,7.188410262770831e-05,2026
2026-08-10,000989,65715.45869778997,468343547.00000006,0.00014031464534684828,2026
2026-08-27,605020,84884.22783316001,558348293.0,0.00015202737950012861,2026
2026-08-27,001339,82337.70099816522,691356531.0000001,0.00011909586053822237,2026
2026-08-27,300813,39895.58708158517,116329778.0,0.0003429524904756989,2026
2026-08-27,300568,38622.323664087766,1335476822.0,2.892025007685814e-05,2026
2026-08-27,600131,41332.960006226705,107824586.0,0.00038333520711340087,2026
2026-08-27,688131,72151.59365818602,457195501.0,0.00015781343757839388,2026
2026-09-08,688131,220793.3614283497,563020592.0,0.0003921585898732984,2026
2026-09-08,688139,44158.67228566989,108838155.0,0.0004057278652478985,2026
