entry,exit,code,hold,actual_ret,bp,prod_triggered,prod_sim_ret,A_triggered,A_sim_ret,B_triggered,B_sim_ret,fwd5,fwd20,yr
2021-05-07,2021-05-11,300588,4,0.03806776107991,0,False,,False,,False,,0.01739163797036758,0.20120117440459961,2021
2021-04-13,2021-05-17,300725,34,-0.0115809657831795,0,True,0.04018267091501837,True,0.04018267091501837,True,0.12510862263418332,0.030925110399097955,0.10356751682683352,2021
2021-06-08,2021-06-09,603393,1,-0.000840871748199,8,False,,False,,False,,-0.05754048379545196,-0.05696086539680201,2021
2021-06-18,2021-06-22,300503,4,0.0823226731246526,0,False,,False,,False,,-0.008849774962600532,-0.06056624355408291,2021
2021-04-13,2021-06-25,300012,73,0.0596857010262452,0,True,0.03168609423739954,True,0.03168609423739954,True,0.05828271219832537,-0.12227494165393626,-0.20494237114125557,2021
2021-05-28,2021-06-29,002568,32,-0.0290764982145839,0,True,-0.09432446329862443,True,-0.09432446329862443,True,-0.06282941252088936,-0.059022101884414035,-0.15944540553512054,2021
2021-06-29,2021-07-01,002318,2,-0.0142366670642473,1,False,,False,,False,,-0.08260401319514177,-0.16959846021974057,2021
2021-06-08,2021-07-05,600769,27,0.2240369649312514,0,False,,False,,False,,-0.024063166425999705,-0.056959913625123315,2021
2021-06-18,2021-07-07,002866,19,0.050967537488074,0,False,,False,,False,,0.039009348068042904,-0.019039727580587362,2021
2021-07-09,2021-07-14,603681,5,0.0415881952793899,0,False,,False,,False,,-0.01583240260034091,0.07929596898602242,2021
2021-07-09,2021-07-27,603267,18,0.197663821309642,0,False,,False,,False,,-0.002333970470690061,0.10271726097499045,2021
2021-07-20,2021-07-27,688388,7,-0.000433901657216,0,True,-0.001577287066246269,True,-0.001577287066246269,True,0.03041910770617351,-0.041513830513881134,0.22420399982690697,2021
2021-08-10,2021-08-16,603896,6,-0.0661713506634972,0,False,,False,,True,-0.06509086589856272,-0.007883258328506115,0.008108389292142526,2021
2021-08-10,2021-08-24,600211,14,-0.0786953246456276,0,False,,False,,True,-0.052715018704069694,-0.12399708261656506,-0.16837138614072544,2021
2021-08-10,2021-08-24,688177,14,-0.0717436359042469,0,True,-0.09215817694369988,True,-0.09215817694369988,True,-0.0673592493297589,0.05659201144191783,0.18812100323764502,2021
2021-07-30,2021-08-26,300015,27,-0.1514716266178951,0,True,-0.09996057527574287,True,-0.09996057527574287,True,-0.04512109300641154,-0.16775166378312256,0.013368247094830421,2021
2021-08-10,2021-08-31,300049,21,-0.0826512826107168,0,True,-0.05425318151373082,True,-0.05425318151373082,True,-0.05425318151373082,-0.07269669869793738,-0.07484323411761817,2021
2021-08-20,2021-09-03,000963,14,-0.2307183910615409,0,True,-0.09200343938091127,True,-0.09200343938091127,True,-0.09200343938091127,0.031125399460009806,-0.03238989265737913,2021
2021-08-31,2021-09-13,688177,13,0.1312967036960632,5,False,,False,,False,,0.0031179677897206215,-0.11028849525554474,2021
2021-07-30,2021-09-16,000607,48,0.1015015870567097,0,False,,False,,True,0.02088928678006563,-0.020520105451903414,-0.0016891269794050423,2021
2021-08-20,2021-09-16,000989,27,-0.0250496885094309,0,False,,False,,True,-0.017808219178082285,-0.03658875218357549,-0.008744496466337903,2021
2021-08-31,2021-09-16,600062,16,0.0482021054271502,0,False,,False,,False,,0.014549214905624108,-0.010462784229183342,2021
2021-08-20,2021-09-16,601003,27,0.1996871196805856,0,False,,False,,False,,-0.1311871141123433,-0.2685590799597354,2021
2021-08-31,2021-09-17,600257,17,0.0692878602803621,0,False,,False,,True,-0.0060882800608828,0.056128577763335796,-0.11650782437105567,2021
2021-08-10,2021-09-22,300281,43,0.0910496258210007,0,True,-0.06880733944954132,True,-0.06880733944954132,True,-0.01834862385321101,-0.16144216260497568,-0.22729749014908773,2021
2021-09-10,2021-10-08,000708,28,-0.2479149935486591,5,True,-0.1009302325581396,True,-0.1009302325581396,True,-0.040930232558139434,-0.0001914311236030919,-0.09140831307833697,2021
2021-09-23,2021-10-08,600036,15,0.0086162826970916,0,False,,False,,False,,0.04776236601837569,0.03568663497304381,2021
2021-08-10,2021-10-11,600513,62,-0.0384835951962428,0,False,,False,,True,-0.051432770022042607,0.008597753031134525,-0.009128042276969728,2021
2021-05-07,2021-10-12,002262,158,-0.0374959272312879,0,True,-0.006813020439061734,True,-0.006813020439061734,True,0.028009084027251774,-0.016728919868689962,-0.027071365489905963,2021
2021-09-23,2021-10-14,002208,21,-0.0754629185147855,6,True,-0.09338993329290479,True,-0.09338993329290479,True,-0.06306852637962379,-0.030006462331229944,-0.05562130210288607,2021
2021-08-20,2021-10-19,002755,60,-0.0187429858880258,0,False,,False,,True,-0.0042808219178080975,0.04370579808299646,-0.07330540841239663,2021
2021-10-19,2021-10-20,002189,1,0.0461168648396599,6,False,,False,,False,,0.032618681771478863,0.21344979004162346,2021
2021-10-11,2021-10-29,300482,18,-0.2091675912931656,1,True,-0.15157529149094517,True,-0.15157529149094517,True,-0.08012900024807745,0.04175025499088192,0.14346788215780282,2021
2021-08-20,2021-11-01,603367,73,-0.0836820193825415,8,True,-0.08717635777177235,True,-0.08717635777177235,True,-0.054049341818498964,-0.002939584676586171,0.0404065849452202,2021
2021-10-19,2021-11-04,000060,16,-0.1521435769949899,1,True,-0.17678241338461032,True,-0.17678241338461032,True,-0.14293046188542968,-0.030581531301074882,0.03483937325036912,2021
2021-10-19,2021-11-04,300041,16,0.0851551684889158,1,False,,False,,False,,0.05238088693509324,0.01188145016045139,2021
2021-10-19,2021-11-04,300248,16,-0.0481408120491657,0,False,,False,,True,-0.05600000000000005,0.33235732675336727,0.3545401750655981,2021
2021-10-19,2021-11-04,300580,16,0.044170319713563,0,False,,False,,True,-0.05598151512324179,0.038570070818261915,0.16002641027461761,2021
2021-10-11,2021-11-04,300819,24,0.0934853393433634,1,True,-0.08292934502320759,True,-0.08292934502320759,True,-0.0544610624033004,0.0067192687707235965,0.06880318350980463,2021
2021-10-29,2021-11-04,600176,6,-0.0698580144444481,0,False,,False,,True,-0.06545412418906404,-0.055937339499022465,-0.020660315997936718,2021
2021-08-31,2021-11-04,601007,65,-0.0891928678657026,0,True,-0.018921475875118388,True,-0.018921475875118388,True,0.018921475875118166,0.019750275744357282,0.03016651962325767,2021
2021-10-11,2021-11-04,603386,24,0.0024799066924443,0,True,-0.06700317148345014,True,-0.06700317148345014,True,-0.025684549068655915,0.3380290034035609,0.3044938815952545,2021
2021-10-29,2021-11-05,002870,7,0.3678011084390762,0,False,,False,,False,,0.04974023975473019,-0.05030342710034619,2021
2021-10-19,2021-11-09,603011,21,-0.0657389879301277,0,True,-0.08043875685557589,True,-0.08043875685557589,True,-0.08043875685557589,0.0946618889554589,0.2253969095615478,2021
2021-10-29,2021-11-23,300695,25,0.0990577399030376,6,False,,False,,False,,-0.0279363847648032,0.07791862815648543,2021
2021-10-11,2021-11-25,600201,45,0.0317819562552705,0,True,-0.08460892591874958,True,-0.08460892591874958,True,-0.0729832719757153,-0.004040896147507578,-0.055089866224108164,2021
2021-11-30,2021-12-01,300522,1,0.0220665798467545,1,False,,False,,False,,0.15812504551252893,0.05780738867936264,2021
2021-12-10,2021-12-14,603369,4,0.024250435575708,0,False,,False,,False,,-0.022086355868589647,-0.1474176154874548,2021
2021-12-10,2021-12-17,603127,7,-0.0710538347313842,0,False,,False,,True,-0.05747845159304288,-0.09294144036133467,-0.1753470715312434,2021
2021-11-19,2021-12-20,300487,31,-0.0103443686055408,0,True,-0.05257686379007476,True,-0.05257686379007476,True,0.014817116159021149,-0.04513296865722782,0.2107443336264645,2021
2021-12-10,2021-12-21,002142,11,-0.0070327739338176,0,False,,False,,False,,-0.04496045341115751,-0.00914999506548786,2021
2021-07-20,2021-12-22,300446,155,0.1662734416316464,0,True,-0.10679611650485432,True,-0.10679611650485432,True,-0.05409153952843282,-0.018020404590359806,0.06757587975527479,2021
2021-12-21,2021-12-22,300577,1,0.0470447878381601,1,False,,False,,False,,-0.054018421697843655,-0.03488121540602751,2021
2021-12-10,2021-12-22,603267,12,-0.0572016071634406,0,False,,False,,True,-0.05231354557153256,0.036108134507589096,-0.02890280651121424,2021
2021-12-21,2021-12-22,688160,1,-0.0026118651405413,0,False,,False,,False,,-0.012247139606595181,0.08665138446897647,2021
2021-12-21,2021-12-23,002949,2,0.1338726333729203,8,False,,False,,False,,0.1423691507190381,0.20662741544698426,2021
2021-11-09,2021-12-28,600760,49,-0.1363989497761295,0,True,-0.06943800272981449,True,-0.06943800272981449,True,-0.06943800272981449,0.0216148575022721,-0.20167603829670877,2021
2021-12-21,2021-12-29,300383,8,0.0325897589404613,0,False,,False,,False,,0.021957063685539513,0.019861457950025807,2021
2021-12-21,2021-12-31,600456,10,0.0600194171576333,0,False,,False,,True,-0.05472322977448374,-0.05471032776389373,-0.3470818912021303,2021
2021-10-29,2022-01-05,600378,68,0.2471581769639255,1,False,,False,,False,,-0.09489909233761817,-0.09390787685944724,2022
2021-12-31,2022-01-05,688008,5,0.0063732134544156,0,False,,False,,False,,-0.08829863281594463,-0.1628759253268307,2022
2021-12-31,2022-01-06,300813,6,-0.0729102436710203,0,True,-0.14817280602758875,True,-0.14817280602758875,True,-0.06383609245983102,0.137197148743897,-0.18266101633126874,2022
2021-12-31,2022-01-10,603330,10,-0.0505999959172634,1,False,,False,,False,,0.04065373646733894,0.0241825997791123,2022
2021-10-29,2022-01-12,300179,75,-0.0486243624344854,6,True,0.10334928229665064,True,0.10334928229665064,True,-0.06411483253588512,0.06780397052203191,-0.03448810094537691,2022
2022-01-11,2022-01-12,600267,1,0.0107680187912255,8,False,,False,,False,,0.16386817394261644,-0.07708600392154186,2022
2022-01-11,2022-01-13,603139,2,0.0183259584887462,1,False,,False,,False,,-0.12386302595719023,-0.21104083431965892,2022
2021-12-31,2022-01-18,002841,18,-0.0121653433647301,0,True,-0.08173575129533683,True,-0.08173575129533683,True,-0.05725388601036274,-0.032347575906006676,0.10674059824928017,2022
2021-10-11,2022-01-20,002027,101,0.0519571964232912,0,True,-0.05277874868926957,True,-0.05277874868926957,True,-0.001747640685075158,-0.011915110550264285,0.04943656559203968,2022
2021-12-31,2022-01-27,600030,27,-0.0056390998402729,0,False,,False,,True,-0.05424368385365996,0.023663506669664658,-0.06653310073669527,2022
2022-01-21,2022-01-28,300677,7,-0.1300149552840674,0,True,-0.09398235007991107,True,-0.09398235007991107,True,-0.0522896254603572,-0.00033461074083429576,-0.063488644379187,2022
2022-01-11,2022-01-28,603456,17,-0.1251308616512672,0,True,-0.07670396744659203,True,-0.07670396744659203,True,-0.07670396744659203,-0.08185853602920512,0.09747156525611778,2022
2022-01-21,2022-02-09,002422,19,-0.2015875307598831,0,True,-0.10829262550762142,True,-0.10829262550762142,True,-0.06415160967571043,-0.00036265106411270676,-0.09991046700070583,2022
2022-02-08,2022-02-09,300661,1,-0.039382831214602,0,False,,False,,False,,0.1134362663757682,0.11787033263293023,2022
2022-02-08,2022-02-10,688617,2,0.0194545790896019,0,False,,False,,False,,-0.04122773317943007,-0.05858062350322124,2022
2022-01-21,2022-02-23,603506,33,-0.0540545947934325,0,True,-0.09212075904854522,True,-0.09212075904854522,True,-0.05633283826709612,0.007801779354007277,-0.027562335317475206,2022
2022-01-21,2022-02-25,300314,35,0.0566100653132335,7,True,-0.08412829565086766,True,-0.08412829565086766,True,-0.0645985127319163,0.03253293166196847,-0.17379543083570959,2022
2022-02-18,2022-02-25,688617,7,0.0513991524615733,0,False,,False,,False,,0.03840980039584774,0.08293687725661547,2022
2022-01-11,2022-02-28,300012,48,-0.2058153292190506,7,True,-0.06999573196756292,True,-0.06999573196756292,True,-0.04353393085787449,-0.016715784012885093,0.004648631914762946,2022
2022-02-18,2022-03-01,002240,11,0.1069209981612411,1,False,,False,,False,,-0.06243157937495203,-0.06807002881302782,2022
2022-03-01,2022-03-07,605116,6,0.2306590545097127,4,False,,False,,False,,-0.1204280083032504,-0.1614300195701539,2022
2022-03-01,2022-03-08,000153,7,-0.0053507543598994,0,False,,False,,False,,-0.07323054383543526,-0.023742854428589366,2022
2022-02-18,2022-03-08,000513,18,-0.0506654222770864,7,True,-0.013642131979695438,True,-0.013642131979695438,True,0.0038071065989848663,0.021932569650477074,0.04218891394483726,2022
2022-02-08,2022-03-08,002294,28,-0.0358333456563471,0,False,,False,,True,-0.013544018058690654,-0.026869062022693457,-0.04730713422842203,2022
2022-02-18,2022-03-08,300077,18,-0.0609815726837204,0,True,-0.06632173095014116,True,-0.06632173095014116,True,-0.02539981185324569,-5.010986547038243e-06,0.02313370606306031,2022
2022-01-11,2022-03-08,300281,56,-0.0331343619282943,0,True,-0.056478405315614766,True,-0.056478405315614766,True,-0.029900332225913706,-0.08213299527444085,-0.00578546253386758,2022
2022-01-21,2022-03-08,300550,46,-0.113629585091472,6,True,-0.1153402537485585,True,-0.1153402537485585,True,-0.1153402537485585,-0.06913562300735498,-0.04427706072238202,2022
2022-03-01,2022-03-08,300683,7,-0.0637886624504836,0,False,,False,,False,,0.033544288159335967,-0.059968728808039495,2022
2022-03-01,2022-03-08,300813,7,-0.0825781808132815,1,False,,False,,False,,-0.03151977308767551,0.2236100330914219,2022
2021-10-11,2022-03-08,600226,148,0.0397787841307593,1,True,-0.049107142857143016,True,-0.049107142857143016,True,-0.049107142857143016,-0.030280284408837344,0.06356355903546862,2022
2022-01-21,2022-03-08,600267,46,-0.154850867526751,0,True,-0.10006540222367544,True,-0.10006540222367544,True,-0.10006540222367544,0.07794301513648438,-0.01031404068644659,2022
2022-01-11,2022-03-08,600513,56,-0.0598310216503684,1,True,-0.15006385696040891,True,-0.15006385696040891,True,-0.1117496807151982,0.004486360073274076,0.06606139718162907,2022
2022-02-08,2022-03-08,600873,28,0.0926157639651745,0,False,,False,,True,0.06148760211011006,0.04519098658226084,0.1369702707849647,2022
2022-02-08,2022-03-08,600986,28,-0.0106312698946355,0,True,-0.001686340640809525,True,-0.001686340640809525,True,0.03372681281618872,-0.011227635810413639,0.20888776681836352,2022
2021-12-10,2022-03-08,603309,88,-0.1080751950589905,6,True,0.10082709728239458,True,0.15596691610870383,True,-0.04096100827097282,0.00431696220996991,0.05488512951893232,2022
2022-03-01,2022-03-08,688687,7,-0.0656790275806408,1,False,,False,,False,,-0.05016841397016791,0.015392352068928306,2022
2022-06-28,2022-06-30,300122,2,0.0088080207750222,0,False,,False,,False,,0.032795084300603516,-0.049627128800573184,2022
2022-06-20,2022-07-01,000995,11,0.0109172776659305,0,False,,False,,False,,-0.004230671841597755,0.030647413207733232,2022
2022-06-20,2022-07-01,002559,11,0.1370574802949651,8,True,0.12641815235008091,True,0.16045380875202597,True,0.16045380875202597,0.021311152122786226,0.1721866632318345,2022
2022-06-20,2022-07-01,600133,11,0.0496077318569203,0,False,,False,,False,,-0.04225095962044556,0.06117766245078071,2022
2022-06-20,2022-07-01,600850,11,-0.0204763162195842,6,False,,False,,False,,-0.02787957755258219,0.03796815159715372,2022
2022-06-08,2022-07-05,002422,27,0.0533500555955293,0,False,,False,,True,-0.008172502671779824,0.018737281296216324,0.1673553754037873,2022
2022-06-28,2022-07-08,300813,10,-0.0037178120846268,0,False,,False,,False,,-0.0377544372651184,-0.12933574707621665,2022
2022-06-28,2022-07-11,600521,13,0.0711335586868273,0,False,,False,,False,,-0.07007596408927641,-0.0823777519234703,2022
2022-06-20,2022-07-13,600332,23,-0.0165785353527773,0,False,,False,,True,-0.024937655860349017,-0.029423436883269982,-0.06096096043727517,2022
2022-07-08,2022-07-13,600366,5,-0.1127174159641843,0,False,,False,,True,-0.05515587529976018,0.11988064898220152,0.2111939942069041,2022
2022-06-20,2022-07-13,600741,23,-0.0791711863286598,0,True,0.013626834381551545,True,0.013626834381551545,True,0.013626834381551545,0.028965057354755075,-0.030387336413905452,2022
2022-06-08,2022-07-13,603309,35,0.0772338928247926,7,False,,False,,False,,0.05157162808617266,0.08131905745211832,2022
2022-07-08,2022-07-13,605128,5,-0.0888615158685759,0,False,,False,,True,-0.07943597487428866,0.27921787812540133,0.398873164265388,2022
2022-06-28,2022-07-18,300272,20,-0.0924737110633723,0,True,-0.08831646734130638,True,-0.08831646734130638,True,-0.05519779208831643,0.07024624640629029,0.06820962176993195,2022
2022-07-08,2022-07-18,300606,10,-0.0216841088329299,0,False,,False,,False,,0.06318038737491238,0.39509584603643777,2022
2022-07-08,2022-07-18,300946,10,-0.0231888148848595,4,False,,False,,True,-0.05824629863422481,0.10523577866874079,0.10291945093392219,2022
2022-07-08,2022-07-18,601882,10,0.0303133342235983,0,False,,False,,False,,0.05365859122428951,0.0931518012749839,2022
2022-06-28,2022-07-21,002940,23,0.0969411610314912,0,False,,False,,True,0.06744338508219472,-0.0683344852695913,-0.11796673029982363,2022
2022-07-19,2022-07-21,300196,2,0.0475996545956709,7,False,,False,,False,,-0.07759952324074681,-0.01864911683132109,2022
2022-07-19,2022-07-21,300819,2,-0.0241236706667949,5,False,,False,,False,,0.013380243249099477,-0.06295854670722889,2022
2022-07-19,2022-07-21,600378,2,-0.0230025080768042,0,False,,False,,False,,0.1062129089881294,0.05546674788646411,2022
2022-07-19,2022-07-21,603681,2,0.0137773685195259,0,False,,False,,False,,0.1293029275765194,0.19898768172824655,2022
2022-07-19,2022-08-04,000060,16,-0.0359766948004607,7,False,,False,,True,-0.03429691327780515,0.028722609712029223,0.03628304045464548,2022
2022-07-08,2022-08-04,002488,27,0.0222044210455107,0,True,0.04802414928649834,True,0.04802414928649834,True,0.07409440175631166,0.028272669647583903,-0.07172353591299196,2022
2022-07-29,2022-08-04,300127,6,-0.0395660278833351,0,False,,False,,True,-0.046383213694091596,0.01518755824995588,-0.1533483304030554,2022
2022-07-29,2022-08-04,300179,6,-0.0945205866060604,0,True,-0.08563218390804594,True,-0.08563218390804594,True,-0.06034482758620674,0.09891828511188505,-0.13558414122300078,2022
2022-07-29,2022-08-04,300196,6,-0.0665637053894271,6,False,,False,,True,-0.07073170731707301,0.043203920782296734,-0.014165700651369462,2022
2022-07-19,2022-08-04,603920,16,0.0853009833646776,0,False,,False,,True,-0.03905160390516027,-0.034426959984640404,-0.07951709527555095,2022
2022-07-29,2022-08-04,688625,6,0.0154548425122229,0,False,,False,,False,,0.09365893465660724,0.2573464825197247,2022
2022-08-10,2022-08-11,002923,1,0.0024040399692051,0,False,,False,,False,,0.020468376155348356,0.04935548095728448,2022
2022-08-10,2022-08-11,300573,1,0.0595627198020822,1,False,,False,,False,,0.007368695106441336,-0.10003302417797921,2022
2022-08-10,2022-08-11,600062,1,-0.0182941294660782,1,False,,False,,False,,-0.018295363731484215,-0.02740755527752059,2022
2022-08-10,2022-08-11,605116,1,-0.0191753007254037,0,False,,False,,False,,-0.005573005211243598,-0.09147326566897651,2022
2022-08-10,2022-08-11,688166,1,-0.0059621792578177,0,False,,False,,False,,-0.014079693904428758,-0.07085394223096886,2022
2022-08-22,2022-08-25,002109,3,0.0445039247856655,0,False,,False,,False,,-0.05727647916826861,-0.046992222577376785,2022
2022-08-22,2022-08-25,002402,3,-0.0514707726356072,0,False,,False,,True,-0.07270285320121783,-0.11993346809214411,-0.2046408538478801,2022
2022-08-22,2022-08-25,600285,3,0.0681563229405892,1,False,,False,,False,,-0.003240484357378226,-0.16441861880171726,2022
2022-08-22,2022-08-25,600900,3,-0.0145712869377478,0,False,,False,,False,,0.04033866286881116,0.01172943904374324,2022
2022-08-22,2022-08-25,600989,3,0.0251644279462097,1,False,,False,,False,,-0.016965667606801627,0.02666771007122537,2022
2022-08-22,2022-08-25,605028,3,-0.038538087027517,0,False,,False,,False,,-0.07746226871927275,-0.13690413284818548,2022
2022-08-30,2022-09-08,002550,9,0.0783241129375991,0,False,,False,,False,,0.006593206815801889,-0.06051300697191819,2022
2022-08-30,2022-09-09,688621,10,-0.0759801285246702,7,True,-0.0910255188983794,True,-0.0910255188983794,True,-0.04551275944918998,-0.040919559434622776,-0.09600527631859324,2022
2022-08-30,2022-09-19,000952,20,-0.0742217941372432,0,True,-0.003978779840848712,True,-0.003978779840848712,True,0.049071618037135334,-0.006098323768041536,0.11316987737979334,2022
2022-09-09,2022-09-19,002353,10,-0.0573965528280913,0,False,,False,,True,-0.07669059431666758,-0.011670190122822222,-0.09131785321248709,2022
2022-09-09,2022-09-19,002623,10,-0.1107253133052535,7,True,-0.08567251461988312,True,-0.08567251461988312,True,-0.07017543859649122,-0.0025417928860675953,-0.05826031720983582,2022
2022-08-30,2022-09-19,300012,20,-0.0417100724085359,0,False,,False,,True,-0.028585040495473946,-0.02862904563239488,-0.0009743565400787135,2022
2022-08-30,2022-09-19,300233,20,-0.1324603286136977,0,True,-0.1064278187565858,True,-0.1064278187565858,True,-0.05655075518089203,-0.01912370039363731,0.03481040881738151,2022
2022-08-30,2022-09-19,600513,20,-0.0546340322173936,0,False,,False,,True,-0.05579258286839517,-0.05357164078720633,0.08692379715261489,2022
2022-09-09,2022-09-19,600674,10,-0.0684164171934224,0,False,,False,,True,-0.05686789151356064,0.013976921995389135,-0.024950894022715553,2022
2022-09-09,2022-09-19,600900,10,-0.0129030895200803,0,False,,False,,False,,-0.009052394551844145,-0.057308668170202415,2022
2022-09-09,2022-09-19,688556,10,-0.1613337380434563,0,True,-0.15626384850109054,True,-0.15626384850109054,True,-0.15626384850109054,-0.019017619473914005,0.0877892211345459,2022
2022-09-09,2022-09-19,688578,10,-0.0434110639842415,0,False,,False,,False,,-0.07818021960457167,0.0812523367261524,2022
2022-09-21,2022-09-22,002756,1,-0.0015647374670421,0,False,,False,,False,,-0.10107547636653424,-0.13951704212713434,2022
2022-09-21,2022-09-22,002937,1,-0.0030711469657291,1,False,,False,,False,,-0.07442425899822291,0.2876170087277343,2022
2022-10-21,2022-10-27,688356,6,0.0043921924652783,0,False,,False,,True,-0.055448251915189095,-0.03479493822149993,0.005448017666447091,2022
2022-10-21,2022-10-31,601007,10,0.1223057356474002,0,False,,False,,False,,0.1628432987848072,0.009921440314476282,2022
2022-11-02,2022-11-15,002756,13,0.0893231950787714,1,False,,False,,False,,-0.1010356374234217,-0.22787364272523158,2022
2022-11-22,2022-11-25,002460,3,-0.0336054642290558,0,False,,False,,False,,0.01917519207852325,-0.09644389825844868,2022
2022-11-14,2022-11-25,600513,11,0.040330635537388,0,False,,False,,True,-0.01612740651144018,-0.018344997598919832,-0.04787304974043183,2022
2022-11-22,2022-11-25,600809,3,-0.0337605761357665,0,False,,False,,False,,0.046478338731363866,0.13543603244318558,2022
2022-11-02,2022-11-25,601998,23,0.1732476703385479,0,False,,False,,False,,0.012282411274996852,-0.0018193720092311017,2022
2022-11-14,2022-11-25,688166,11,-0.0080696709421408,0,True,-0.04330566582461226,True,-0.04330566582461226,True,-0.009924215084807009,0.05520338509493539,-0.04047567832040855,2022
2022-12-05,2022-12-06,603757,1,-0.004567483887238,0,False,,False,,False,,-0.06669709371093857,-0.10803941514124071,2022
2022-12-13,2022-12-15,000155,2,-0.0046649897546401,0,False,,False,,False,,-0.024748212914801004,-0.024211770787691322,2022
2022-12-23,2022-12-27,002560,4,0.0384195150254833,7,False,,False,,False,,0.04445762830172617,0.7187846480087225,2022
2022-12-13,2022-12-27,002594,14,-0.0344400802050831,0,False,,False,,True,-0.06763598060356679,-0.010735060726070222,0.02703302964508958,2022
2022-12-23,2022-12-27,603259,4,0.0168093110237514,0,False,,False,,False,,0.0506045699510691,0.269053543631498,2022
2022-12-05,2022-12-27,603856,22,-0.0899317125972828,0,True,-0.08084294667998915,True,-0.08084294667998915,True,-0.0526841674993187,0.08077002969378055,0.11566896044318775,2022
2023-01-04,2023-01-16,300573,12,0.2521801030842756,0,True,0.1705639614855572,True,0.1705639614855572,True,0.1705639614855572,-0.0023855605414625503,0.019062444380418153,2023
2023-01-04,2023-01-16,300969,12,0.0840366708266173,0,False,,False,,False,,-0.03262105643058022,0.09463204701299954,2023
2023-01-04,2023-01-31,300233,27,-0.0151123182041361,0,False,,False,,False,,0.003222455115153622,0.010775502828598293,2023
2023-01-16,2023-02-15,002372,30,0.0653559587113672,0,False,,False,,True,-0.04446690247599794,0.039686991705473185,0.008254594281819294,2023
2023-01-04,2023-02-17,300314,44,0.1022359222009381,0,True,0.053269512854165146,True,0.053269512854165146,True,0.06716590751177343,0.13338854742670114,0.20609882160646897,2023
2023-01-04,2023-02-22,601168,49,0.2322684808070108,1,False,,False,,False,,-0.06719910630184744,-0.0990991368646379,2023
2023-02-21,2023-02-28,300488,7,-0.0032887475065083,0,False,,False,,False,,-0.006345041731071199,-0.03400058307884746,2023
2023-01-16,2023-02-28,300564,43,0.1621244457253134,0,False,,False,,False,,-0.026087382471407405,0.056024328871724594,2023
2023-01-31,2023-02-28,301038,28,0.030723122273641,0,False,,False,,True,0.009702395197961566,0.1300181062663408,0.04231190738964452,2023
2023-01-16,2023-02-28,601890,43,0.2341658715880528,0,True,0.2099125364431489,True,0.2344023323615163,True,0.2344023323615163,0.03405979278806637,-0.08942454541981737,2023
2023-01-16,2023-03-01,603017,44,0.0146724744377177,0,False,,False,,True,0.023702031602708784,0.05910947956891688,0.15010956942835785,2023
2023-01-16,2023-03-01,605122,44,0.101425365665269,0,False,,False,,False,,0.013735613053279971,-0.07480024834875332,2023
2023-02-21,2023-03-03,688059,10,-0.0801386673328191,0,True,-0.08374185503490295,True,-0.08374185503490295,True,-0.05018398757931031,0.010968545882051206,-0.07344610409912478,2023
2023-02-21,2023-03-06,002906,13,-0.0132281417694305,1,False,,False,,False,,-0.08204099398237896,-0.047265277229262104,2023
2023-03-03,2023-03-10,002293,7,-0.0227691074966892,0,False,,False,,True,-0.0501893939393937,0.02936943849880458,-0.036485889751611045,2023
2023-03-03,2023-03-10,300384,7,0.0086684392403382,0,False,,False,,False,,-0.0537937914232548,0.004736995366831032,2023
2023-03-03,2023-03-13,002182,10,-0.088697046666712,0,False,,False,,True,-0.05769996020692392,-0.03497574803053305,-0.04386412929867278,2023
2023-03-03,2023-03-13,301061,10,-0.0837114352699721,4,False,,False,,True,-0.051187688190029945,-0.03639979554129125,-0.0021745228087780566,2023
2023-01-31,2023-03-13,600769,41,-0.0354640178001427,0,True,-0.08202653799758752,True,-0.08202653799758752,True,-0.027744270205066424,0.023328199572892228,-0.08582680838154955,2023
2023-02-21,2023-03-16,688210,23,0.0388650641702499,0,False,,False,,False,,0.020687897100112318,0.03999616221587865,2023
2023-03-14,2023-03-17,605499,3,-0.040970382793618,0,False,,False,,False,,-0.01972700642363978,-0.09330305197324862,2023
2023-02-21,2023-03-24,601882,31,0.0397327808107383,0,True,-0.028792134831460703,True,-0.028792134831460703,True,-0.01790730337078661,-0.05824190316530986,0.07147965681083512,2023
2023-03-14,2023-03-24,688195,10,0.268414701708775,7,False,,False,,False,,-0.04705664263596532,0.09946885446363751,2023
2023-03-24,2023-03-27,002065,3,0.0079536093080305,8,False,,False,,False,,0.14359773393638076,0.06171048879031926,2023
2023-03-14,2023-03-27,603369,13,-0.010011983888183,0,False,,False,,True,-0.05046033994334265,0.04686151124931559,-0.0738241043426674,2023
2023-03-24,2023-03-28,300384,4,0.0737950314050419,5,False,,False,,False,,-0.03116708904295762,-0.17132790386183494,2023
2023-03-24,2023-03-29,688258,5,0.187555221282367,0,False,,False,,False,,0.21884771464274455,0.25017958665102613,2023
2023-01-31,2023-03-30,603637,58,0.0764817645496493,0,False,,False,,False,,0.001001056678026302,-0.09143646495931246,2023
2023-03-24,2023-04-03,600018,10,-0.016231969252919,0,False,,False,,False,,-0.013482234467485199,0.04031277791474075,2023
2023-01-16,2023-04-03,603856,77,-0.0577024616425148,0,True,-0.04163344848968009,True,-0.04163344848968009,True,-0.008858180529719206,-0.012196152187794684,0.10506961617544452,2023
2023-03-14,2023-04-03,688278,20,0.0318269696830129,0,False,,False,,True,-0.05653523227560309,0.07910848615429367,0.004929454512961673,2023
2023-02-21,2023-04-14,002488,52,-0.1142369002881832,0,True,-0.1035224522721161,True,-0.1035224522721161,True,-0.06722237160527011,-0.0019835253499669303,-0.0348130146476654,2023
2023-03-03,2023-04-14,603025,42,-0.2603277601948165,4,True,-0.12673267326732685,True,-0.12673267326732685,True,-0.07029702970297025,-0.01696386262061178,-0.07301416869926114,2023
2023-04-04,2023-04-17,688002,13,0.0331748454300671,0,False,,False,,True,0.02213088839709121,-0.06654183047758688,-0.0010395739650292946,2023
2023-04-04,2023-04-21,300450,17,-0.0642814893289895,0,False,,False,,True,-0.036753935068047916,0.006782880065927754,-0.035341926631391574,2023
2023-04-14,2023-04-24,603176,10,-0.019286889648724,0,False,,False,,False,,0.06570502181723059,-0.05193869523172534,2023
2023-02-10,2023-04-25,300993,74,-0.0545404671851673,0,True,-0.07612667478684543,True,-0.07612667478684543,True,-0.04567600487210699,0.018737850351596252,0.11411351329603603,2023
2023-04-14,2023-04-26,603637,12,-0.0709898416759061,4,False,,False,,True,-0.050480769230769273,0.025353145541509026,-0.004125757392809515,2023
2023-04-25,2023-04-28,000887,3,0.0136677798115139,0,False,,False,,False,,0.012831012831012734,0.07471107471107463,2023
2023-03-14,2023-04-28,002541,45,-0.0028034708032641,4,True,-0.022215365627892725,True,-0.022215365627892725,True,-0.022215365627892725,-0.10695007064266016,-0.13363116399914665,2023
2023-04-25,2023-04-28,300041,3,0.0572115121497975,2,False,,False,,False,,-0.019937583633744427,0.004513318828322177,2023
2023-04-25,2023-04-28,300154,3,0.0659593157446229,0,False,,False,,False,,0.12680991695674115,0.21068249977229114,2023
2023-04-25,2023-04-28,688212,3,-0.0620670861357263,1,False,,False,,False,,-0.02309861797956425,0.08464090883468556,2023
2023-04-25,2023-05-04,300753,9,-4.67360037859077e-06,0,False,,False,,False,,-0.0542037173529627,0.6840760813377624,2023
2023-03-03,2023-05-15,600582,73,0.011952751669606,0,True,-0.0953895071542129,True,-0.0953895071542129,True,-0.0408812173518055,0.0010009855657251432,-0.010238639244130265,2023
2023-04-14,2023-05-23,603616,39,-0.0574425917140696,7,True,-0.09328358208955245,True,-0.09328358208955245,True,-0.04850746268656714,0.09325013330118281,0.008852008109170528,2023
2023-05-16,2023-05-24,603088,8,0.0238123697458738,0,False,,False,,False,,0.010814755206659088,0.04025596166898904,2023
2023-04-04,2023-05-30,601456,56,-0.1170600289879154,8,True,-0.1051486584481508,True,-0.1051486584481508,True,-0.05438723712835403,-0.03030637052719687,-0.08457247979601479,2023
2023-04-04,2023-06-02,688505,59,-0.0312282564382366,6,True,-0.012195121951219412,True,-0.012195121951219412,True,0.03455284552845517,-0.0852921624200611,-0.08960682203128711,2023
2023-04-25,2023-06-14,300580,50,0.4410882112614493,0,False,,True,0.32999528578163195,True,0.0028571020413996617,0.20210165449670603,0.06593976061787465,2023
2023-05-16,2023-06-16,603105,31,0.1045913724507248,0,True,-0.07300736771600791,True,-0.07300736771600791,True,-0.04085733422638971,-0.0008447572907631651,0.036685088648438446,2023
2023-05-26,2023-06-16,688301,21,0.0008000354764323,0,True,0.010190986638484167,True,0.010190986638484167,True,0.05461613950328381,-0.04014246750320449,-0.013137501520201655,2023
2023-05-26,2023-07-03,300509,38,0.1290593103872208,0,True,-0.009646302250803984,True,-0.009646302250803984,True,0.01768488745980723,-0.030103539425975545,-0.059794247402731204,2023
2023-06-16,2023-07-03,300996,17,-0.0263402747071955,1,True,-0.07260529808306826,True,-0.07260529808306826,True,-0.07260529808306826,-0.01101138899083598,-0.13046794610191514,2023
2023-05-05,2023-07-06,603983,62,-0.1388945893764406,0,True,-0.05153804641122517,True,-0.05153804641122517,True,-0.013221802482460965,-0.1053117255954451,-0.07674017282946222,2023
2023-07-07,2023-07-18,000333,11,-0.0131288263864379,0,False,,False,,False,,-0.00988604937834514,-0.03307136893067464,2023
2023-07-18,2023-07-26,605086,8,0.0214146904547407,0,False,,False,,False,,-0.004984609105444737,-0.001991811587188752,2023
2023-04-04,2023-07-28,603040,115,0.1419987886312554,0,True,-0.0892641737032569,True,-0.0892641737032569,True,-0.056091676718938555,0.005978833261830241,-0.024793348772269796,2023
2023-06-06,2023-08-07,600880,62,-0.1381757974268931,0,True,-0.09857789269553985,True,-0.09857789269553985,True,-0.03716871363930174,-0.056146355957948146,0.0010010326461604713,2023
2023-06-16,2023-08-09,603613,54,0.0208252244265028,1,False,,False,,True,-0.11317347316482185,-0.06165662323911025,-0.0905358676119552,2023
2023-06-06,2023-08-11,003006,66,-0.1218331451958401,0,True,-0.13350286077558804,True,-0.13350286077558804,True,-0.03814367450731082,-0.07512343317249892,-0.09148663397021639,2023
2023-07-28,2023-08-17,002167,20,-0.0503106718738415,6,False,,False,,True,-0.03804347826086962,-0.04410225767692422,0.002455927641703548,2023
2023-07-18,2023-08-17,300871,30,-0.070852478514629,0,True,-0.08072433286122516,True,-0.08072433286122516,True,-0.047836641695540916,-0.03869136202132617,-0.018519837080834933,2023
2023-07-28,2023-08-17,603088,20,0.0225324554740073,0,False,,False,,True,0.008641975308642191,0.017431563186135257,0.07683439979451845,2023
2023-08-08,2023-08-17,603590,9,0.0573495433973896,0,False,,False,,False,,-0.03605058694496921,0.04382297815694458,2023
2023-08-08,2023-08-17,688366,9,0.0320555521992542,0,False,,False,,False,,0.13156632839025395,0.3241353084060874,2023
2023-07-07,2023-08-17,688505,41,0.1094123014389345,0,False,,False,,False,,-0.0455571889408114,0.06448943228995985,2023
2023-08-18,2023-08-21,600809,3,-0.0227644986615183,0,False,,False,,False,,0.0270215544817185,0.12358463305925871,2023
2023-08-18,2023-08-21,688789,3,-0.0196983978111338,0,False,,False,,False,,0.02481486995830151,0.03360768555430682,2023
2023-09-05,2023-09-06,300442,1,-0.004029034112079,0,False,,False,,False,,-0.02104440757338888,-0.07493321972061218,2023
2023-09-05,2023-09-06,300605,1,0.0007994780698845,0,False,,False,,False,,0.05276482343168154,0.00799608675418817,2023
2023-09-05,2023-09-06,300668,1,-0.0263272245849212,0,False,,False,,False,,-0.02713745031905479,0.04477204719351646,2023
2023-09-05,2023-09-06,600455,1,-0.0112622066712748,0,False,,False,,False,,-0.016051807771769955,-0.01221492140692837,2023
2023-09-05,2023-09-06,603613,1,-0.0241628735733538,0,False,,False,,False,,-0.032251087835344916,-0.06351371751967494,2023
2023-09-05,2023-09-06,603927,1,-0.0228991918966882,0,False,,False,,False,,0.024860536384864407,-0.01949380273160095,2023
2023-11-16,2023-11-17,002284,1,-0.0256194215990919,0,False,,False,,False,,0.05863443275934044,-0.09505461574058316,2023
2023-11-16,2023-11-17,002674,1,0.0030894733257611,0,False,,False,,False,,0.025539493691849824,-0.0066143848232409486,2023
2023-11-16,2023-11-17,300681,1,0.0052482966814357,0,False,,False,,False,,-0.0014042415441184453,-0.08414427441710515,2023
2023-11-16,2023-11-17,300863,1,-0.0273900036227685,0,False,,False,,False,,0.016760681016597223,-0.06662614300336367,2023
2023-11-16,2023-11-17,603798,1,-0.0124263856888447,0,False,,False,,False,,0.021084413623095877,-0.005341166439613687,2023
2023-11-16,2023-11-17,603960,1,-0.0228453994439041,0,False,,False,,False,,0.017685490750946276,0.0030031635186551497,2023
2024-02-23,2024-03-04,301257,10,0.0347686385021084,0,False,,False,,True,-0.026613107787244794,-0.030613992551166702,0.012232625209935621,2024
2024-02-23,2024-03-04,301333,10,-0.0090531721847548,2,False,,False,,False,,-0.0822805634727869,0.014847310474269682,2024
2024-02-23,2024-03-04,688166,10,0.1246576650289141,0,False,,False,,False,,-0.022609058455580255,-0.033250222761997406,2024
2024-02-23,2024-03-08,301187,14,0.0732092931871926,0,True,-0.05370101596516674,True,-0.05370101596516674,True,-0.05370101596516674,0.06693943618303111,0.23739721592824892,2024
2024-02-23,2024-03-11,002940,17,0.0066484740408527,0,True,-0.028169014084507005,True,-0.028169014084507005,True,-0.028169014084507005,0.06052532595415072,0.040683879257159994,2024
2024-03-05,2024-03-19,300727,14,0.6455032060691184,0,False,,False,,False,,-0.19609671247487415,-0.3548698929849443,2024
2024-03-05,2024-03-26,300871,21,0.1737439795786242,0,False,,False,,False,,0.2208812975091099,0.2460104703477457,2024
2024-03-05,2024-03-27,000426,22,0.1320055980965628,0,False,,False,,False,,0.0669380209233057,0.23321407613213196,2024
2024-03-05,2024-03-27,300501,22,0.0802493616474078,0,False,,False,,True,0.05664263645726053,0.244512851928691,-0.015728819871184352,2024
2024-03-15,2024-04-01,300488,17,-0.020118851275732,0,False,,False,,True,-0.06122448979591821,0.002389390796131874,0.01673568401620562,2024
2024-03-15,2024-04-01,688059,17,-0.0922802581819717,0,True,-0.07539866852453958,True,-0.07539866852453958,True,-0.07539866852453958,-0.04000427700994247,-0.05029778010405295,2024
2024-02-23,2024-04-02,002038,39,0.0002675535172718,0,True,-0.03167420814479627,True,-0.03167420814479627,True,-0.02149321266968318,-0.04661172240586953,-0.0432108129733102,2024
2024-03-05,2024-04-02,002895,28,0.1065299982384273,0,True,-0.07542942494398763,True,-0.07542942494398763,True,-0.014189693801343939,0.009239697648394607,0.014732158587977606,2024
2024-03-15,2024-04-02,601882,18,0.0040413385531306,0,True,-0.09504878930249372,True,-0.09504878930249372,True,-0.0672208167690641,-0.013675343609652613,0.02094574314651365,2024
2024-03-05,2024-04-09,002734,35,0.1021578407423184,0,True,0.08239700374531833,True,0.08239700374531833,True,0.014981273408239737,-0.016198357930415574,0.11279661262066609,2024
2024-03-26,2024-04-09,688366,14,-0.1033576051317296,4,True,-0.10309076682316132,True,-0.10309076682316132,True,-0.07374804381846634,-0.014884466005830266,0.017756870441955286,2024
2024-03-26,2024-04-10,300695,15,0.0350019295667216,0,False,,False,,True,-0.0597581343028839,-0.13873955641702718,-0.07305923284260141,2024
2024-03-26,2024-04-10,601600,15,0.0101118242546858,0,False,,False,,False,,-0.009499513050710173,0.10000606857476035,2024
2024-03-15,2024-04-17,003028,33,-0.0061066448059554,0,True,-0.06524936488835409,True,-0.06524936488835409,True,-0.06524936488835409,0.06693434915273788,0.07024481125741322,2024
2024-03-15,2024-04-17,300606,33,-0.1796691850628762,0,True,-0.0983318700614575,True,-0.0983318700614575,True,-0.031606672519754464,-0.015928089846330207,0.04796559133456846,2024
2024-03-26,2024-04-17,600988,22,0.3022969218108207,0,True,0.31609195402298873,True,0.31609195402298873,True,0.31609195402298873,-0.05024853715930544,-0.048067707164263895,2024
2024-03-26,2024-04-17,688279,22,-0.0404538585243935,7,True,0.02119995883503134,True,0.02119995883503134,True,0.07883091489142746,0.049377713760957676,0.11588228112595766,2024
2024-03-15,2024-04-30,000887,46,0.2038635346751007,0,True,-0.013035381750465591,True,-0.013035381750465591,True,0.02327746741154546,0.04990730999857873,-0.024240914749630638,2024
2024-04-09,2024-05-06,002440,27,0.0798863649227969,0,False,,False,,False,,-0.0006134859977348084,-0.04743450200107169,2024
2024-03-26,2024-05-16,003006,51,0.5719718769464199,0,False,,False,,False,,-0.018872133885255993,-0.027944650480768884,2024
2024-04-19,2024-06-04,600018,46,0.0310255217882007,0,False,,False,,False,,-0.02695990007805793,0.04201037520376549,2024
2024-05-21,2024-06-11,603986,21,0.0163904383614443,4,False,,False,,True,-0.05279237443480378,0.12511493381967598,0.09710477557885988,2024
2024-06-12,2024-06-17,688230,5,0.0689166755698813,5,False,,False,,True,0.07164541590771112,0.10576686642423816,-0.00014401645874617675,2024
2024-06-12,2024-06-17,688689,5,0.0775681649985466,0,False,,False,,False,,0.10477221270016068,0.018133009488849883,2024
2024-04-30,2024-06-19,603590,50,-0.1187929115523382,0,True,-0.036357218496293586,True,-0.036357218496293586,True,0.024708789269325848,-0.03673517700946294,-0.06215742388426482,2024
2024-04-30,2024-06-19,688008,50,0.0977671738644649,0,False,,False,,True,0.012089462018940011,0.005097390644654531,0.1925988860835517,2024
2024-05-31,2024-07-02,300900,32,-0.0751611062718633,0,True,-0.11432460020415114,True,-0.11432460020415114,True,-0.05478053759782231,-0.10932439640855962,-0.04689637827163695,2024
2024-05-31,2024-07-02,688336,32,-0.1271209235962712,0,True,-0.07638126600804984,True,-0.07638126600804984,True,-0.0311013538236371,-0.045101827148832485,-0.09483071105558716,2024
2024-06-24,2024-07-04,601633,10,-0.0637791305811381,0,False,,False,,False,,0.033605544217309324,-0.033720666979147884,2024
2024-07-23,2024-08-19,002119,27,-0.0360885585473441,0,True,-0.03716814159292048,True,-0.03716814159292048,True,-0.02920353982300883,-0.07776922692776334,-0.10874626824976741,2024
2024-05-10,2024-08-19,002284,101,-0.1014058310320418,7,True,-0.11543624161073818,True,-0.11543624161073818,True,-0.05637583892617448,-0.04853906180165923,-0.04999612296275935,2024
2024-07-23,2024-08-19,300341,27,-0.007202949566328,0,False,,False,,True,0.0025316455696204887,-0.05174780852579186,0.13839331654342213,2024
2024-08-13,2024-08-19,301261,6,0.0150593947664738,0,False,,False,,False,,-0.0748367239062604,-0.11902788193230973,2024
2024-07-02,2024-08-19,600654,48,0.037067023784806,0,True,0.02678571428571419,True,0.02678571428571419,True,0.0714285714285714,-0.05557729686706259,-0.07298601028886798,2024
2024-06-24,2024-08-19,600690,56,-0.160971446021501,1,True,-0.1641610957603905,True,-0.1641610957603905,True,-0.12312082182029305,0.02596443502241308,0.05092790159451033,2024
2024-04-09,2024-08-19,603181,132,-0.1727804832535456,5,True,-0.11014788373278939,True,-0.11014788373278939,True,-0.05711371749107608,0.03314620432737847,-0.00028478672739662425,2024
2024-07-02,2024-08-19,603890,48,-0.0937553230714431,1,True,-0.14029180695847376,True,-0.14029180695847376,True,-0.10325476992143667,-0.02527527527527529,-0.0002502502502503834,2024
2024-07-12,2024-08-19,688505,38,0.0814749116350732,1,False,,False,,False,,-0.0718520403792603,-0.0397966948350591,2024
2024-07-12,2024-08-19,688687,38,-0.0438461621698659,1,False,,False,,False,,-0.10818241376624249,-0.1219450308377511,2024
2024-09-27,2024-10-08,688072,11,0.5221960911213175,0,False,,False,,False,,-0.17048289561946506,-0.027482750085048968,2024
2024-09-27,2024-10-14,600276,17,0.0642805249948672,0,True,0.0314830157415078,True,0.0314830157415078,True,0.06213753106876552,0.000601430277978876,-0.018979029020591676,2024
2024-09-27,2024-10-17,600298,20,0.0892901606926632,8,False,,False,,False,,-0.006084218334537317,0.016305102096478175,2024
2024-09-27,2024-10-17,601127,20,0.1399116452575208,0,True,0.08547544147689523,True,0.08547544147689523,True,0.08547544147689523,0.08238771261309008,0.5661863142528039,2024
2024-09-27,2024-11-05,300759,39,0.3103811742831204,0,True,0.26024096385542195,True,0.26024096385542195,True,0.26024096385542195,0.06493102629614333,-0.05574976095346762,2024
2024-10-29,2024-11-05,603809,7,0.4697280139017838,3,False,,False,,False,,-0.10231896581994948,-0.13911787301534795,2024
2024-10-21,2024-11-05,688485,15,-0.0074476547361568,0,False,,False,,True,-0.023921884174586183,0.08673892621106982,0.09992937299209959,2024
2024-11-08,2024-11-13,002916,5,0.045967153258992,0,False,,False,,False,,-0.07907540022562753,-0.12922704576544142,2024
2024-10-21,2024-11-14,688143,24,0.3902095901905409,0,False,,False,,True,-0.0368176047397375,-0.27169593836260497,-0.23863257196590526,2024
2024-11-08,2024-11-19,300502,11,-0.0899881830346563,0,True,-0.017178105723432258,True,-0.017178105723432258,True,-0.017178105723432258,-0.07420479274277314,0.08185142438657222,2024
2024-11-08,2024-11-19,603986,11,-0.1112562151609793,0,True,-0.062400678037927704,True,-0.062400678037927704,True,-0.034537556944591596,-0.03578855936137326,0.11265017365169716,2024
2024-10-09,2024-11-19,605088,41,-0.0146741503423628,0,True,-0.0818181818181819,True,-0.0818181818181819,True,-0.05026737967914441,0.13423671258523728,0.2927326724224757,2024
2024-10-29,2024-11-19,688258,21,0.0208620167266402,4,True,0.22068008327550293,True,0.2876474670367799,True,-0.031228313671061936,0.03302277849814894,0.14766076817649298,2024
2024-11-19,2024-11-22,301289,3,0.3214965554726734,1,False,,False,,False,,-0.13782478783795205,-0.1424582551607072,2024
2024-10-21,2024-11-22,603176,32,0.0738862841468601,0,False,,False,,True,0.010390689941812026,-0.03528100768903797,-0.0639246832327125,2024
2024-10-09,2024-11-25,603011,47,0.1797834928118868,0,True,0.28526645768025105,True,0.18181818181818188,True,-0.029780564263322762,-0.050207337202669344,-0.07946924208987871,2024
2024-11-08,2024-11-25,603181,17,-0.0777494882515394,0,True,-0.050396640223984934,True,-0.050396640223984934,True,-0.020531964535697722,0.17435600241903826,0.14562860969853886,2024
2024-10-21,2024-11-25,603637,35,0.1470937641008449,0,False,,False,,True,0.1485451761102603,0.011621706394951303,0.13774252280902033,2024
2024-10-09,2024-11-29,000887,51,-0.1499288014076525,7,True,-0.08998548621190161,True,-0.08998548621190161,True,-0.061683599419448565,0.02017085918015593,0.10935246206600291,2024
2024-11-19,2024-11-29,002920,10,-0.0392990362785473,1,False,,False,,False,,-0.04303567682619114,-0.03127587470247595,2024
2024-10-09,2024-11-29,603211,51,-0.0045385761145542,0,True,0.1143600630007533,True,0.2157091008696843,True,-0.032185167431349804,0.08402919837226985,-0.013049949776310243,2024
2024-10-21,2024-11-29,603281,39,0.0213893148652335,0,False,,False,,True,-0.011231101511878894,0.0030846960953891944,-0.030670958405535576,2024
2024-11-29,2024-12-02,002350,3,0.002725928291706,0,False,,False,,False,,0.04187101175239549,0.1974914555717786,2024
2024-11-29,2024-12-02,301099,3,0.0388573103583109,0,False,,False,,False,,0.05222491808237151,0.03515027438123752,2024
2024-11-19,2024-12-02,603115,13,0.0721440810402387,0,False,,False,,False,,-0.022332346972201655,-0.06822128215807277,2024
2024-11-29,2024-12-02,603538,3,0.0128256871259933,0,False,,False,,False,,-0.019509838143152658,-0.0561362917052316,2024
2024-11-19,2024-12-03,688123,14,0.0194721160591178,4,False,,False,,True,-0.05281385281385287,0.00029830563175181624,0.08479839081068974,2024
2024-11-29,2024-12-04,605580,5,0.0525376285817458,6,False,,False,,False,,0.03834408457169469,0.09228403701697752,2024
2024-10-09,2024-12-06,002009,58,0.1653640136151155,7,True,0.05097087378640763,True,0.05097087378640763,True,-0.06472491909385103,-0.009598590007127372,-0.07783360353840896,2024
2024-11-19,2024-12-10,002409,21,0.0205339179802608,4,False,,False,,False,,-0.07287826951180654,-0.12339401168041231,2024
2024-11-29,2024-12-10,301004,11,0.1129899473076601,1,False,,False,,False,,-0.04231886166174015,0.06185728117046274,2024
2024-11-08,2024-12-10,301087,32,0.0066177052411571,0,True,-0.07357768052516422,True,-0.07357768052516422,True,-0.05087527352297594,0.017383110982481353,-0.12384164068082826,2024
2024-10-29,2024-12-10,688308,42,0.0965325041954254,0,True,0.0556127703398559,True,0.0556127703398559,True,-0.06900102986611756,-0.06947244334864033,-0.2257194720439608,2024
2024-12-10,2024-12-20,301390,10,0.1583641919996823,0,False,,False,,True,-0.06108462455303931,-0.10137126742563818,-0.24144648803531232,2024
2024-12-20,2024-12-23,002552,3,0.0123502173206428,4,False,,False,,False,,0.05853886971210298,0.3170651163729892,2024
2024-10-21,2024-12-24,002671,64,0.1170953135596173,0,True,0.11893203883495174,True,0.11893203883495174,True,0.13592233009708754,-0.02674530727622948,0.045821928584753646,2024
2024-12-20,2024-12-25,601881,5,0.0325231781854125,0,False,,False,,False,,-0.03640363327247553,-0.1328682654632587,2024
2024-11-08,2024-12-25,603309,47,-0.0910771793713768,0,True,-0.04333868378812211,True,-0.04333868378812211,True,-0.012841091492776902,-0.046748374194567455,-0.08407972201754887,2024
2024-12-10,2025-01-02,003019,23,-0.0380043515785253,5,False,,False,,True,-0.03366733466933869,-0.08126189370721171,-0.035650782047286,2025
2024-12-31,2025-01-02,600380,2,-0.0235764880010004,0,False,,False,,False,,-0.018355340913295715,-0.0349465182499723,2025
2024-12-10,2025-01-02,603211,23,-0.1186575954113816,6,True,-0.07250190025141778,True,-0.07250190025141778,True,-0.027480558966263002,0.01445257803230593,0.4327974056767363,2025
2024-12-20,2025-01-02,603439,13,-0.060177470255712,0,False,,False,,True,-0.06804733727810652,-0.008532371882729484,-0.013299043171754898,2025
2024-12-10,2025-01-02,688678,23,-0.005369617594792,0,True,-0.07463718037318579,True,-0.07463718037318579,True,-0.07463718037318579,-0.04650411892006989,-0.002392209830962777,2025
2024-09-27,2025-01-03,600968,98,0.0640422981276218,0,True,0.06220839813374801,True,0.06220839813374801,True,0.0959046137895283,-0.07852238724012617,-0.0263351437990329,2025
2024-12-10,2025-01-06,001208,27,-0.1731766289533082,0,True,-0.08765522279035809,True,-0.08765522279035809,True,-0.07513304810602117,0.019394978860491463,0.1064598693923029,2025
2024-12-31,2025-01-07,688050,7,0.0674149465809115,0,False,,False,,False,,-0.047054399022916416,-0.05786941333807394,2025
2024-11-29,2025-01-15,002228,47,-0.0643731542102379,0,True,-0.014492753623188248,True,-0.014492753623188248,True,0.04347826086956519,0.032404973279034355,0.05203244425392106,2025
2024-10-09,2025-01-15,600226,98,0.0164869040941049,0,True,0.0938967136150235,True,0.0938967136150235,True,0.12206572769953072,0.030770525573089236,0.008443366174394118,2025
2024-12-20,2025-01-15,601688,26,-0.067199996704828,0,True,-0.06419316843345124,True,-0.06419316843345124,True,-0.06419316843345124,0.009195586305589476,0.07349161991156716,2025
2025-01-10,2025-01-15,688072,5,0.0356301583498674,7,False,,False,,False,,-0.001251457213543694,0.03796711119515783,2025
2025-01-10,2025-01-20,300866,10,0.0681944828803362,0,False,,False,,False,,-0.04297622510066945,0.020441581499503148,2025
2024-12-31,2025-01-21,300558,21,0.0090644398733266,0,False,,False,,False,,0.013414353552942515,-0.1053218048794391,2025
2024-12-20,2025-01-23,600999,34,-0.0555928909711621,0,True,-0.061429736341397034,True,-0.061429736341397034,True,-0.061429736341397034,-0.011622668737686026,0.010755685932404058,2025
2025-01-21,2025-02-10,603486,20,0.0745526644767309,0,True,-0.09439272569820312,True,-0.09439272569820312,True,-0.06646460272786314,0.06782945902498572,0.13017554077687365,2025
2025-01-10,2025-02-10,688058,31,0.4273794566055535,0,False,,False,,True,0.024909602249899576,0.04044263810008242,-0.04306478409514003,2025
2024-12-20,2025-02-11,000776,53,-0.0260541301830613,0,True,-0.05744125326370764,True,-0.05744125326370764,True,-0.05744125326370764,0.0030057065530442184,-0.03641956772185906,2025
2025-01-21,2025-02-13,002248,23,0.0793206566906021,0,False,,False,,False,,0.01814140249827001,0.039852610856819126,2025
2025-01-21,2025-02-13,300689,23,0.088712651440717,0,False,,False,,False,,0.13784926635467998,0.16848694293565902,2025
2025-01-21,2025-02-13,603519,23,0.045954096594204,0,False,,False,,False,,-0.003779353924468154,0.020122293054311458,2025
2025-01-10,2025-02-13,688004,34,0.2405389538796376,0,False,,False,,False,,-0.025312290541649185,-0.048884602975118874,2025
2025-01-10,2025-02-13,688070,34,0.2638179295821226,1,False,,False,,False,,-0.015993117616617147,0.12633265596869836,2025
2025-02-06,2025-02-13,688508,7,0.0710950402689811,0,False,,False,,False,,-0.02385726751607442,0.06567300794777209,2025
2025-01-21,2025-02-13,688767,23,-0.0081929006742743,0,False,,False,,True,-0.015980331899201117,0.021321094814892305,0.0666506199903314,2025
2024-12-31,2025-02-17,600750,48,0.0033965396883224,8,False,,False,,True,-0.03297769156159047,-0.06455816248476443,0.005404276199691083,2025
2025-01-21,2025-02-26,301061,36,0.0431561407684544,0,False,,False,,True,0.05769230769230793,-0.04323926019633195,-0.022420313049781315,2025
2025-02-28,2025-03-03,002372,3,-0.0119508469482395,0,False,,False,,False,,0.03033435646913718,0.02666768616141768,2025
2025-02-28,2025-03-19,601022,19,0.06329056465092,0,False,,False,,False,,0.0010010441427750205,-0.06783852170764282,2025
2025-03-11,2025-03-24,301486,13,-0.0706633561950332,3,True,-0.06733011973254555,True,-0.06733011973254555,True,-0.0482040118177578,-0.08511037658499687,-0.12236673466490089,2025
2025-03-11,2025-03-24,601890,13,0.4562951908833632,0,False,,False,,False,,-0.07154858033979572,-0.188178976281285,2025
2025-02-18,2025-04-01,002443,42,-0.0113786877126957,0,False,,False,,True,-0.005199306759098632,-0.08212714312665814,-0.028440240177462717,2025
2025-02-18,2025-04-01,601199,42,-0.017277538100121,0,False,,False,,False,,-0.048750579482164325,-0.004969225399753308,2025
2025-02-18,2025-04-01,688485,42,-0.0348626144129279,0,True,0.011251355276885588,True,0.011251355276885588,True,0.011251355276885588,-0.099336284109244,0.012149558336666866,2025
2024-12-31,2025-04-08,002550,98,-0.1287799741272353,0,True,-0.08094435075885331,True,-0.08094435075885331,True,-0.053962900505902134,0.05889468923469798,0.07009992404141463,2025
2025-03-11,2025-04-08,603167,28,-0.0261974816250071,0,True,-0.03901734104046217,True,-0.03901734104046217,True,-0.03901734104046217,0.09376939532605832,0.1401535967694345,2025
2025-04-01,2025-04-08,688502,7,-0.0684399548561878,0,True,-0.10267657992565071,True,-0.10267657992565071,True,-0.10267657992565071,0.23279836832698275,0.20285599509220753,2025
2025-02-18,2025-04-14,001239,55,-0.0446124687204876,0,True,0.26114649681528657,True,0.26114649681528657,True,0.26114649681528657,0.02548594571554652,0.08813852807316769,2025
2025-02-18,2025-04-22,300489,63,-0.1834137337041543,0,True,-0.0467557251908397,True,-0.0467557251908397,True,-0.00858778625954204,-0.04266684424148659,0.10289258294986658,2025
2025-04-01,2025-04-28,688392,27,-0.0454230673329012,0,True,-0.15741118824009792,True,-0.15741118824009792,True,-0.15741118824009792,0.013198379148457784,-0.005504319664074053,2025
2025-04-22,2025-05-06,002594,14,0.030638517770773,6,False,,False,,True,-0.0050029731954991385,0.02999162184194004,-0.01027943972961709,2025
2025-04-01,2025-05-09,300562,38,-0.0462353260360932,0,True,-0.22381546134663366,True,-0.22381546134663366,True,-0.22381546134663366,-0.012796409485089422,-0.004517972667354542,2025
2025-04-01,2025-05-09,301221,38,0.0752446854817916,0,True,-0.2136609745939193,True,-0.2136609745939193,True,-0.2136609745939193,-0.029416176943689365,-0.015392682552765824,2025
2025-04-11,2025-05-13,301031,32,0.201036135086865,0,False,,False,,False,,-0.036005663501639584,-0.12064015065293465,2025
2025-04-22,2025-05-13,301331,21,-0.0093179047931193,0,False,,False,,True,-0.06661472536034285,-0.019370506852065983,0.21390347441000856,2025
2025-02-18,2025-05-13,301446,84,0.0708625097364346,7,True,0.09209209209209201,True,0.09209209209209201,True,0.12012012012011986,-0.013772296506867954,-0.00616182398785603,2025
2025-05-19,2025-05-21,600769,2,0.0363515774712557,0,False,,False,,False,,-0.028984964704124927,-0.10483173403695434,2025
2025-04-01,2025-05-28,605058,57,-0.0810257031814646,0,True,-0.1471343028229255,True,-0.1471343028229255,True,-0.04704875962360988,0.04182945624507739,0.15962188575747138,2025
2025-05-27,2025-05-28,688046,1,-0.0115857643536477,0,False,,False,,False,,0.1448838455280046,0.09015539647423743,2025
2025-05-27,2025-05-30,300049,3,0.1112460254708325,8,False,,False,,False,,-0.03433182771195464,-0.11582521728834305,2025
2025-05-27,2025-06-05,301017,9,0.070291849406912,0,False,,False,,False,,-0.06660880934576519,-0.059096606604081225,2025
2025-05-19,2025-06-05,688685,17,-0.0926298568282654,0,True,-0.07747795885653219,True,-0.07747795885653219,True,-0.03172588832487311,-0.0689537174517405,-0.09971673693998473,2025
2025-05-19,2025-06-11,603167,23,0.1020153948735569,0,False,,False,,True,0.07383419689119153,0.15168933947909502,0.20670253741890643,2025
2025-06-06,2025-06-11,603259,5,0.0111927090089682,0,False,,False,,False,,0.020109942297217964,0.08221396101444367,2025
2025-05-27,2025-06-16,300558,20,0.2205720057631726,0,False,,False,,False,,-0.1308707415028929,-0.0854364574725196,2025
2025-04-11,2025-06-23,301167,73,0.1362229706327944,0,False,,True,0.16507936507936516,True,0.16507936507936516,0.06842236025842974,0.13446778626281453,2025
2025-06-17,2025-06-24,000657,7,-0.0209746450470996,0,False,,False,,False,,0.025695264349775426,0.2029650391858071,2025
2025-06-17,2025-06-24,600288,7,0.0423542585474425,0,False,,False,,False,,0.06540943837650293,0.1454005913499623,2025
2025-05-19,2025-06-25,301349,37,0.1514526761132775,0,True,-0.09514228226501875,True,-0.09514228226501875,True,-0.056050589249784344,-0.042055465283519444,-0.09332503508128409,2025
2025-06-17,2025-06-27,688531,10,-0.0349130647791039,0,False,,False,,False,,0.026095320942044697,-0.03723137805623433,2025
2025-06-27,2025-07-01,300427,4,0.0486697800326365,0,False,,False,,False,,0.03617527908213436,0.02445052344895604,2025
2025-06-17,2025-07-01,301132,14,0.2544810050034845,0,True,0.23628490697589055,True,0.23628490697589055,True,0.23628490697589055,0.015558866497411783,0.11688182680162607,2025
2025-06-27,2025-07-01,603040,4,0.1177171533058243,0,False,,False,,False,,-0.013126008382641663,0.22224041139726536,2025
2025-06-06,2025-07-02,603309,26,0.0299848925813284,0,False,,False,,False,,0.014892443463871974,0.14236685665257087,2025
2025-04-01,2025-07-07,603386,97,0.1696403186975172,0,True,-0.11623779946761303,True,-0.11623779946761303,True,-0.11623779946761303,0.014861014861014876,0.0756910756910758,2025
2025-06-06,2025-07-08,603590,32,0.0864407185503035,0,True,-0.014827018121911117,True,-0.014827018121911117,True,0.03294892915980241,0.4259654847172629,0.8333841946364808,2025
2025-05-27,2025-07-09,603709,43,0.1073383014278761,6,False,,False,,True,-0.013854930725346493,-0.01980678091849708,0.0634241823393713,2025
2025-07-08,2025-07-10,002284,2,0.0227685459529556,0,False,,False,,False,,0.0018987940237873424,0.03421810996003849,2025
2025-07-08,2025-07-10,603105,2,0.0101728007860402,8,False,,False,,False,,-0.01226530002376447,0.004619053821983465,2025
2025-06-17,2025-07-11,001223,24,0.1387573974288414,4,False,,False,,False,,-0.027447403191248942,0.04141586831813471,2025
2025-07-08,2025-07-11,601098,3,0.0194150469568687,0,False,,False,,False,,-0.05607031848471844,-0.06733439582976963,2025
2025-07-08,2025-07-15,002576,7,0.0143726548244393,0,False,,False,,False,,0.03570399291303006,0.04767053240364838,2025
2025-06-27,2025-07-15,603259,18,0.2072580987094996,0,False,,False,,False,,0.05098511590381638,0.16181383884626643,2025
2025-05-19,2025-07-18,688143,60,0.2219820304677975,0,False,,True,0.1686445971267958,True,-0.021549031855090717,0.012560453039039077,0.3271256265724205,2025
2025-05-07,2025-07-24,688315,78,0.0808523759729151,0,True,-0.05294740557712674,True,-0.05294740557712674,True,-0.030356512530886004,0.04512051360195768,0.022101646370589867,2025
2025-06-06,2025-08-05,600775,60,0.103424767870512,0,True,0.0010030090270811698,True,0.0010030090270811698,True,-0.05015045135406215,0.05473993020949974,0.20593753678530025,2025
2025-07-29,2025-08-11,301486,13,0.0631064418674249,0,False,,False,,False,,0.19760940588563858,0.21690839362596237,2025
2025-08-08,2025-08-12,002443,4,0.0458105038232423,0,False,,False,,False,,0.006721006721006617,0.041041041041041115,2025
2025-07-08,2025-08-12,300690,35,0.4292295309763043,0,False,,False,,False,,0.2149952767033978,0.11570432027287603,2025
2025-07-29,2025-08-13,688685,15,0.0268178661821747,0,False,,False,,False,,-0.006334955870353265,-0.07522143142449278,2025
2025-07-08,2025-08-14,603178,37,-0.0014617178455447,0,False,,False,,False,,0.059598756201883374,0.10636947755630421,2025
2025-07-18,2025-08-19,000887,32,0.2131268265959507,0,False,,False,,True,-0.016844469399213913,0.018385883772656708,0.025248322342553253,2025
2025-07-18,2025-08-19,605228,32,0.34165802443086,0,False,,True,0.4056466006814863,True,0.4056466006814863,-0.012341067996827548,0.0021611482019738837,2025
2025-06-27,2025-08-21,000776,55,0.2646670462436524,8,False,,False,,False,,-0.0009398231189881034,-0.0004546069087495441,2025
2025-07-18,2025-08-27,301328,40,0.1585648042287715,7,False,,False,,True,0.04424831111058514,-0.0686650853961478,-0.024442250861658854,2025
2025-06-27,2025-08-27,688258,61,0.5438401775755062,3,True,0.4164383561643836,True,0.4646996838777664,True,-0.07249736564805065,-0.1834006011980368,-0.06529213449728632,2025
2025-07-29,2025-08-29,301183,31,0.6540857545541705,0,True,-0.037363622776864225,True,-0.037363622776864225,True,-0.018681811388432057,-0.13547362687682474,-0.05422537093584201,2025
2025-06-06,2025-08-29,601766,84,0.1018060405380634,0,False,,False,,True,0.01928783382789323,-0.024596579450021472,-0.03537451779863998,2025
2024-12-31,2025-09-09,300247,252,0.1859862760133808,7,True,-0.14525139664804465,True,-0.14525139664804465,True,-0.05027932960893855,-0.025811529959108404,-0.08613971503044815,2025
2025-08-19,2025-09-10,688685,22,-0.0809110078258567,0,True,0.0833708472134691,True,0.0833708472134691,True,0.0833708472134691,0.14109682592182882,0.2098921593431058,2025
2025-08-19,2025-09-12,605589,24,-0.0347293130126342,0,True,-0.05357715752325953,True,-0.05357715752325953,True,-0.002887391722810495,0.0032009911855934714,0.03180101944307756,2025
2025-07-29,2025-09-12,688143,45,-0.0666647426279241,0,True,0.14272538621166708,True,0.18907078625778184,True,0.18907078625778184,0.052601122390020905,-0.1398590551570772,2025
2025-08-19,2025-09-15,003033,27,-0.0888148364057996,0,True,-0.08852198130097477,True,-0.08852198130097477,True,-0.056296001591406464,0.12172261767993908,0.5747507679455444,2025
2025-09-09,2025-09-15,600497,6,0.0423941747408349,0,False,,False,,False,,-0.06689025654027325,0.07678653983000627,2025
2025-07-29,2025-09-18,301349,51,0.1060557403561017,0,True,-0.04580152671755733,True,-0.04580152671755733,True,-0.021584627533561496,-0.07838622465486733,-0.12024495525002621,2025
2025-09-09,2025-09-24,688123,15,0.5173076660238536,3,False,,False,,False,,0.313316528175247,0.3284167862107663,2025
2025-09-09,2025-09-25,300969,16,0.4890736162595068,3,False,,False,,False,,-0.11626646845155841,-0.13508808110350512,2025
2025-07-29,2025-10-09,600769,72,0.1633953499743412,0,True,0.011374407582938284,True,0.011374407582938284,True,0.05118483412322261,0.07943472019545483,0.059243854925611794,2025
2025-09-09,2025-10-09,688337,30,0.0583207138785075,0,False,,False,,False,,0.0611648336831605,0.0660920408776815,2025
2025-08-19,2025-10-10,600378,52,0.0857800406198918,3,False,,False,,True,-0.025463931910143733,-0.0697716547298265,0.004523641367212949,2025
2025-09-19,2025-10-13,603011,24,0.4556622426205181,0,True,0.07547169811320731,True,0.07547169811320731,True,0.07547169811320731,-0.09789789789789793,-0.08788788788788793,2025
2025-09-09,2025-10-14,300580,35,-0.0421859811591779,0,True,0.009598293636686739,True,0.009598293636686739,True,0.03234980447920366,-0.06752538593326585,-0.08447277125411512,2025
2025-09-19,2025-10-14,301486,25,-0.1402060341826405,0,True,-0.09991909385113262,True,-0.09991909385113262,True,-0.05036407766990281,-0.0318798533448198,-0.03421183009215256,2025
2025-07-18,2025-10-14,600869,88,0.5041829035142167,0,False,,True,0.19326241134751787,True,-0.012411347517730431,-0.13158983557331505,-0.08142033501496448,2025
2025-07-18,2025-10-20,300428,94,0.1671921344109177,0,True,0.29844961240310086,True,0.29844961240310086,True,0.10963455149501655,0.0311957691031306,0.12635491727236348,2025
2025-09-19,2025-10-20,688143,31,-0.2167231939745225,0,True,-0.080974064541675,True,-0.080974064541675,True,-0.080974064541675,0.08087077808895926,-0.09664540946375588,2025
2025-08-29,2025-10-20,688186,52,-0.0742596816762856,7,True,-0.08105335157318738,True,-0.08105335157318738,True,-0.05677154582763344,-0.012993576100372217,-0.07635791130936764,2025
2025-10-10,2025-10-20,688301,10,-0.0895959288093877,0,False,,False,,False,,0.05733286070598509,-0.09327043331894314,2025
2025-10-10,2025-10-20,688531,10,-0.0570454750013963,0,False,,False,,True,-0.005805071799572459,0.08129362564302656,-0.042256768977049886,2025
2025-09-30,2025-10-22,002141,22,0.0673662222472732,0,False,,False,,False,,0.033291302077176566,-0.06109588417025791,2025
2025-10-21,2025-10-22,002823,1,0.0139840851555046,0,False,,False,,False,,0.04833333207891499,-0.02327196399163567,2025
2025-09-30,2025-10-27,301041,27,0.0545429491544346,0,False,,False,,True,-0.051821034960951695,-0.04993442349447519,-0.006861502279846499,2025
2025-09-19,2025-10-27,688685,38,0.0197442221057979,0,True,-0.09309615233915836,True,-0.09309615233915836,True,-0.045450983465245676,-0.018472169264418747,-0.1616392316318498,2025
2025-10-10,2025-10-29,688386,19,-0.0335779008454396,0,True,-0.069184741959611,True,-0.069184741959611,True,-0.069184741959611,-0.07304709969982348,-0.10124975115380208,2025
2025-09-19,2025-10-30,301349,41,0.1363710354617633,0,True,-0.0470227446971635,True,-0.0470227446971635,True,-0.00485560950677244,0.014617033532843049,0.10751378790175892,2025
2025-08-08,2025-10-31,300489,84,-0.0987871582284199,0,True,0.05699976150727415,True,0.05699976150727415,True,0.07703315048890991,0.021880489932377012,-0.0072536651619175,2025
2025-10-21,2025-11-10,688625,20,0.055724299823703,0,False,,False,,False,,0.015322902985920095,0.0007452189883894178,2025
2025-09-30,2025-11-11,300249,42,-0.0750962115737566,0,True,-0.10455104551045513,True,-0.10455104551045513,True,-0.06765067650676515,-0.008152529785145468,-0.04868947319537675,2025
2025-10-31,2025-11-18,600115,18,0.1162683840616225,0,False,,False,,False,,-0.04365333908922775,-0.025047372923648448,2025
2025-09-30,2025-11-19,002198,50,0.1705161012829672,0,True,0.22617124394184152,True,0.22617124394184152,True,0.22617124394184152,0.012031283155891082,-0.0720748589047483,2025
2025-10-21,2025-11-20,688531,30,-0.0848367552744377,0,True,-0.029069767441860517,True,-0.029069767441860517,True,-0.008139534883720767,-0.03232810146340148,-0.023794555602762557,2025
2025-10-31,2025-11-24,300788,24,0.0206035784838136,1,False,,False,,False,,0.03771593030613163,-0.04956858719625323,2025
2025-11-21,2025-11-25,600151,4,0.0281041733326208,0,False,,False,,False,,0.09456301739379791,1.0110200031210455,2025
2025-09-30,2025-11-27,002777,58,0.0336069708643438,0,False,,False,,False,,-0.05303765059416554,-0.09678319390910883,2025
2025-10-31,2025-12-02,301087,32,-0.0500399396200473,0,True,-0.06657257115972703,True,-0.06657257115972703,True,-0.0174076687838155,0.016761080256864513,0.02392473277159124,2025
2025-10-10,2025-12-08,600288,59,0.0561079889900077,0,True,0.09151727122455777,True,0.09151727122455777,True,0.1227324645104535,-0.006961516811962221,0.013608314855670711,2025
2025-10-21,2025-12-10,603726,50,-0.1113959566621879,1,True,-0.17681728880157166,True,-0.17681728880157166,True,-0.12691552062868372,-0.0704663635825461,0.11049262428580975,2025
2025-10-10,2025-12-19,300446,70,0.3425316272241421,0,True,0.2156980227681249,True,0.15098861593768742,True,0.15098861593768742,0.13775932953620074,0.10411590850152819,2025
2025-12-02,2025-12-19,301626,17,-0.037382500818186,6,False,,False,,False,,0.13848432418969736,0.09816214718550853,2025
2025-11-21,2025-12-22,600459,31,0.0804541972860728,0,False,,False,,True,0.014642342481950399,0.02734198713823477,0.09108719397760168,2025
2025-12-12,2025-12-22,688302,10,-0.0715017397665374,0,False,,False,,True,-0.07285374336445183,-0.03377462927671293,-0.05894375307165256,2025
2025-10-21,2025-12-24,301216,64,-0.0842421942216474,7,True,0.0005208333333335258,True,0.0005208333333335258,True,0.03697916666666701,-0.030694529455192132,0.36232944849460513,2025
2025-12-12,2025-12-25,605116,13,0.0786856777435687,7,False,,False,,False,,0.051199915551765285,0.3166587367999649,2025
2025-11-11,2026-01-05,601199,55,-0.0791544678581871,0,True,-0.0852842809364549,True,-0.0852842809364549,True,-0.0635451505016722,0.01923421291070926,0.06299382133621378,2026
2025-10-31,2026-01-05,603018,66,-0.0202501814096061,0,True,-0.06896551724137945,True,-0.06896551724137945,True,-0.058555627846454295,0.010325059725568853,0.0662692291500564,2026
2025-10-31,2026-01-05,603309,66,-0.0122496632168539,0,True,-0.08585858585858586,True,-0.08585858585858586,True,-0.044011544011543946,-0.02254305124531908,0.06631667136874286,2026
2025-12-02,2026-01-14,688519,43,0.1316951427335304,0,True,-0.015998757378067885,True,-0.015998757378067885,True,-0.015998757378067885,0.05085025596740689,0.3387297766099471,2026
2026-01-06,2026-01-23,301486,17,0.2856987302571039,0,True,-0.00980240815066391,True,-0.00980240815066391,True,-0.00980240815066391,0.008935315027880586,0.4273770620384154,2026
2026-01-06,2026-02-03,001239,28,-0.0056974783787703,8,False,,False,,True,-0.016806722689075904,0.029497078217069372,-0.05417229563096104,2026
2025-12-23,2026-02-03,301200,42,0.3398627708670196,0,True,-0.026665585994488428,True,-0.026665585994488428,True,-0.04222726535905319,-0.05229240817333369,-0.06488441617103069,2026
2026-01-27,2026-02-03,301349,7,-0.0794443605534251,0,True,-0.10291262135922308,True,-0.10291262135922308,True,-0.06019417475728139,0.0037655836402690213,-0.0783220255303122,2026
2026-01-06,2026-02-03,301446,28,0.2762498034044787,0,True,0.3320000000000001,True,0.4372307692307693,True,0.4372307692307693,0.02044668416651807,-0.03427259293702667,2026
2026-01-06,2026-02-03,688143,28,-9.032505423722804e-05,0,True,0.12310184247823441,True,0.1609637578457177,True,0.1609637578457177,0.22816506365630107,0.09694841643534091,2026
2026-02-06,2026-02-09,300791,3,0.0021146505420923,7,False,,False,,False,,-0.016800672069633538,-0.050578179157306336,2026
2026-01-06,2026-02-09,301429,34,0.0974585161841297,7,False,,False,,False,,0.0010009908550110413,0.015249439197035475,2026
2026-02-06,2026-02-10,688302,4,-0.0096962564533956,7,False,,False,,False,,-0.03120571076596046,-0.09864520613432726,2026
2026-02-06,2026-02-26,300181,20,-0.0573157878716219,0,False,,False,,True,-0.05361305361305346,-0.05955566244442434,-0.09588963556312002,2026
2026-02-25,2026-02-26,301591,1,6.101559446802796e-05,0,False,,False,,False,,-0.05959076958197551,-0.17397322035602858,2026
2026-02-25,2026-02-26,301628,1,0.0399477710234656,0,False,,False,,False,,-0.02812474369036322,-0.1084385266478487,2026
2026-02-25,2026-02-26,603918,1,0.0017703797260875,0,False,,False,,False,,-0.0962749475369098,-0.13957843963409944,2026
2026-01-16,2026-03-02,601022,45,0.0833402449296278,0,False,,False,,True,-0.007409759712077801,-0.0446005151583061,-0.11639858754409393,2026
2026-02-25,2026-03-06,002380,9,0.1407978608459787,0,False,,False,,True,0.06905289832119088,0.09545588696981722,-0.15706624685404458,2026
2026-02-06,2026-03-09,600750,31,-0.0282187345766274,0,False,,False,,False,,0.01471333705319533,0.07745769163756577,2026
2026-03-09,2026-03-11,300357,2,0.0162379371009491,0,False,,False,,False,,0.017330525254811935,0.05611318974085,2026
2026-03-09,2026-03-11,600563,2,0.0043603256593069,7,False,,False,,False,,-0.021656272644633656,0.031123939088468555,2026
2026-02-25,2026-03-18,688507,21,-0.0525578217545282,1,False,,False,,True,-0.09658692314731032,-0.03983499529232537,-0.03663433490903367,2026
2026-03-17,2026-03-20,688200,3,0.0176902383985788,0,False,,False,,False,,-0.03961811202733745,0.12856072651111483,2026
2026-03-17,2026-03-23,688429,6,0.0559878876576576,1,False,,False,,False,,-0.024039256151606958,-0.08694536166874378,2026
2026-03-09,2026-03-27,603082,18,-0.1482815827596132,4,True,-0.06469500924214411,True,-0.06469500924214411,True,-0.025613942434644987,0.06940379379132433,0.09413871877621771,2026
2026-03-17,2026-04-01,300189,15,-0.1582888538435244,0,True,-0.1206272617611579,True,-0.1206272617611579,True,-0.05910735826296731,-0.038642626341037434,-0.14766253469411572,2026
2026-03-27,2026-04-01,300722,5,0.0300592400896992,0,False,,False,,False,,0.03557730907336243,-0.04384547958945417,2026
2026-03-09,2026-04-01,301282,23,0.157012921854329,0,True,0.07264397905759146,True,0.07264397905759146,True,0.05922774869109926,0.0461245497709597,0.20234353113178805,2026
2026-02-06,2026-04-01,600062,54,-0.0057986566589194,0,False,,False,,True,-0.05354898639418593,-0.006105708030389456,-0.038905695664830264,2026
2026-02-06,2026-04-01,600351,54,-0.0082648846615046,0,True,-0.08874801901743268,True,-0.08874801901743268,True,-0.03645007923930277,0.012070534537323985,0.03895365811097151,2026
2026-01-27,2026-04-01,603167,64,-0.0358842050955874,0,True,-0.08950276243093924,True,-0.08950276243093924,True,-0.02209944751381232,-0.0012688079821563392,0.0032708792542883725,2026
2026-03-09,2026-04-01,605058,23,0.0554935027444167,0,True,-0.058410469198850845,True,-0.058410469198850845,True,0.01372486434727116,0.03202813020521478,0.041065154112440716,2026
2026-03-17,2026-04-01,605116,15,0.1360519811808849,1,False,,False,,False,,-0.0530981087179041,-0.2385806651365403,2026
2026-03-27,2026-04-01,688618,5,0.1127948098070006,1,False,,False,,False,,0.16308869876264742,0.13899458259242303,2026
2026-03-27,2026-04-02,301153,6,0.1903995357437515,1,False,,False,,False,,-0.003901627203660052,-0.1567513182245558,2026
2026-03-17,2026-04-02,603538,16,0.5345105644749533,0,False,,True,0.5548559435222291,True,0.5548559435222291,0.1834282252064845,0.6260556968020736,2026
2026-03-27,2026-04-14,301086,18,0.3190975342945494,0,False,,False,,False,,0.13850939704840237,0.5066727511759208,2026
2026-02-25,2026-04-15,688301,49,-0.1190708416594493,4,True,-0.015557985030695498,True,-0.015557985030695498,True,0.02186527625935586,0.08795458661198685,0.32030125855602254,2026
2026-04-20,2026-04-24,000703,4,-0.0172397648176947,0,False,,False,,False,,0.1879715244944471,-0.06919731120577133,2026
2026-03-27,2026-04-24,600345,28,0.326609273794981,1,False,,False,,False,,-0.050623170494837555,0.020751194648187088,2026
2026-04-20,2026-04-24,603663,4,0.0694443848222885,0,False,,False,,False,,-0.05130541859631621,0.03361556663635956,2026
2026-04-08,2026-04-24,688658,16,0.0243876548040204,0,True,-0.02442827442827422,True,-0.02442827442827422,True,0.01455301455301461,-0.009110082039967993,-0.05663235361560226,2026
2026-04-20,2026-05-07,300878,17,0.1162837444842757,0,False,,False,,True,-0.061583577712609916,-0.004965255268252089,-0.02650997825544854,2026
2026-03-27,2026-05-07,301110,41,0.2702503797945872,0,True,0.18855518038030894,True,0.21094721876666078,True,0.21094721876666078,0.025045654838114162,-0.15503148044774417,2026
2026-04-20,2026-05-07,688796,17,-0.0169726282820431,0,True,-0.04228804902962202,True,-0.04228804902962202,True,-0.01736465781409602,0.01158152971624471,0.0024532304325051157,2026
2026-04-08,2026-05-11,688202,33,-0.0331855644355643,0,True,0.01780185758513908,True,0.01780185758513908,True,0.050619195046439414,0.06509735541993611,-0.11605153540637414,2026
2026-04-28,2026-05-13,600724,15,0.1579107476658294,4,False,,False,,False,,-0.05454155459123744,-0.2026551491722446,2026
2026-04-08,2026-05-19,300558,41,0.0772856323013939,0,True,0.0862989323843415,True,0.0862989323843415,True,0.11098754448398562,-0.01356868958060875,0.09478074497346611,2026
2026-04-20,2026-05-19,300661,29,0.267048344701674,7,False,,False,,False,,0.1136840564546504,0.09706330788867468,2026
2026-04-28,2026-05-22,002416,24,-0.1214499950513248,0,True,-0.048573631457209054,True,-0.048573631457209054,True,-0.048573631457209054,-0.030609524487353434,-0.06134201238856962,2026
2026-05-19,2026-05-22,600643,3,-0.0125477461951803,0,False,,False,,False,,-0.08669349763809275,-0.1529991219313459,2026
2026-05-08,2026-05-22,601199,14,-0.0322404576531324,0,True,-0.07108239095315017,True,-0.07108239095315017,True,-0.02746365105008075,0.0166416012439341,0.00795235678885775,2026
2026-01-06,2026-05-22,603856,136,-0.0559523891653055,0,True,0.08455972030246373,True,0.08455972030246373,True,0.06341979022684785,-0.04328738852401659,0.048715457596610445,2026
2026-05-08,2026-05-22,688143,14,0.9587439240715452,5,False,,True,0.8660726912742183,True,0.8660726912742183,0.29838063875456267,0.6534154847593161,2026
2026-04-08,2026-05-25,300723,47,0.1320948079456316,0,True,0.07539576066541431,True,0.07539576066541431,True,-0.072980949825597,0.06684352281594519,-0.19531183157221343,2026
2026-05-19,2026-06-01,300464,13,0.1047691601541949,0,False,,False,,True,0.0126050420168069,-0.07391798182010534,-0.25081005270839984,2026
2026-05-19,2026-06-01,301191,13,-0.0751976011268474,0,True,-0.07868207523973436,True,-0.07868207523973436,True,-0.07868207523973436,-0.10911241890681445,-0.10832448767353642,2026
2026-04-08,2026-06-02,300497,55,-0.1949905151191764,0,True,-0.044195953141640154,True,-0.044195953141640154,True,-0.030883919062832943,0.018608159418075587,0.4418326763593887,2026
2026-04-20,2026-06-03,300826,44,0.1368491847238453,0,True,-0.03567110036275678,True,-0.03567110036275678,True,-0.004232164449818554,-0.02782780804893381,-0.047794441755122596,2026
2026-04-28,2026-06-09,001368,42,-0.1376556241081148,1,True,-0.12250516173434267,True,-0.12250516173434267,True,-0.09876118375774257,-0.06092080843035508,-0.10561933763607179,2026
2026-05-08,2026-06-15,603281,38,-0.0682726889575009,0,True,0.008357348703170064,True,0.008357348703170064,True,0.008357348703170064,0.07250107250107263,-0.15874207540874197,2026
2026-05-19,2026-06-22,002847,34,-0.186665612373043,0,True,-0.0705061082024433,True,-0.0705061082024433,True,-0.03315881326352532,-0.04398542799779226,0.036179933080002113,2026
2026-05-29,2026-06-23,000534,25,-0.1337992268062147,0,True,-0.12458117575388383,True,-0.12458117575388383,True,-0.060615290892476525,-0.12078532146917997,-0.21140961925626267,2026
2026-06-22,2026-06-23,300142,1,0.0004571637226136,0,False,,False,,False,,0.051358073766182066,0.08329184703478121,2026
2026-06-22,2026-06-24,301363,2,-0.0212684196474444,1,False,,False,,False,,-0.04930833815189006,-0.173785151487158,2026
2026-06-09,2026-06-24,301500,15,0.1343190656438118,0,True,0.1327014218009479,True,0.1327014218009479,True,0.1327014218009479,-0.04772112371491699,-0.23693137168615974,2026
2026-06-30,2026-07-01,001266,1,0.0346607522935848,3,False,,False,,False,,-0.08684902692930718,-0.3648708856945806,2026
2026-05-08,2026-07-02,002443,55,-0.0911210974010974,0,True,0.02461799660441444,True,0.02461799660441444,True,0.07555178268251272,-0.06022529122020592,-0.23127011929181263,2026
2026-04-08,2026-07-03,300434,86,0.0500759276695019,0,True,0.03506038176860127,True,0.03506038176860127,True,0.09446825087650934,0.00802560315988976,-0.16056404475535302,2026
2026-05-29,2026-07-03,600572,35,0.0154670757966324,0,False,,False,,True,-0.04901960784313708,0.0010009587815409393,0.06248750416124249,2026
2026-05-29,2026-07-06,600150,38,-0.0298418012067674,0,True,-0.10752397676617576,True,-0.10752397676617576,True,-0.06889099013913258,0.0034635131996718638,-0.037441134441323576,2026
2026-04-28,2026-07-07,002366,70,-0.2246927055055276,1,True,-0.11066126855600544,True,-0.11066126855600544,True,-0.07827260458839402,-0.11613739308628102,0.11991426699308572,2026
2026-05-19,2026-07-07,002376,49,-0.1517203256640511,7,True,-0.0829756795422032,True,-0.0829756795422032,True,-0.05293276108726763,0.03864550002205647,0.09340111122585504,2026
2026-05-29,2026-07-07,603803,39,-0.2191705629919627,0,True,-0.08962962962962973,True,-0.08962962962962973,True,-0.08962962962962973,-0.011715931171474847,-0.13888483708691002,2026
2026-06-09,2026-07-14,688002,35,0.1959631569966629,0,True,0.2248253185367859,True,0.2248253185367859,True,0.2248253185367859,-0.12107912107912111,0.18300118300118307,2026
2026-07-10,2026-07-20,688213,10,-0.1364906667080826,7,True,-0.09450483091787443,True,-0.09450483091787443,True,-0.09450483091787443,0.003535197605331497,0.07217841544768122,2026
2026-06-30,2026-07-27,000807,27,0.1079408628003373,0,False,,False,,True,0.1472448057813911,0.046197383785370416,0.017114511358579554,2026
2026-07-10,2026-07-27,002189,17,-0.0589685946334362,0,True,-0.09823677581863999,True,-0.09823677581863999,True,-0.051385390428211775,-0.008738468197927673,-0.015231447663880182,2026
2026-07-21,2026-07-27,300642,6,-0.08289624684089,1,False,,False,,False,,0.1097069729051996,0.2374365101946958,2026
2026-07-21,2026-07-27,301301,6,-0.0344533218688409,0,False,,False,,False,,0.04786660368242557,0.08391706023113299,2026
2026-05-19,2026-07-27,600018,69,0.0436887439056346,0,True,-0.08591408591408589,True,-0.08591408591408589,True,-0.051948051948051854,0.030213119230269703,0.008790918263288594,2026
2026-05-29,2026-07-27,600030,59,0.1243413550341017,0,False,,False,,True,0.07644305772230897,0.005599265924728369,-0.04073682406336143,2026
2026-07-10,2026-07-27,603197,17,-0.0088459943762513,1,False,,False,,False,,0.05450905450905452,0.11675311675311684,2026
2026-07-10,2026-07-27,603259,17,0.0564672596214579,0,True,-0.0440589624562262,True,-0.0440589624562262,True,-0.0440589624562262,0.012317576176707368,0.28478547914546937,2026
2026-07-10,2026-07-27,603681,17,-0.1467858229023977,0,True,-0.08039419087136934,True,-0.08039419087136934,True,-0.08039419087136934,0.004641004641004809,0.10352777019443704,2026
2026-07-10,2026-07-27,605100,17,-0.2268776229345748,0,True,-0.10855539971949502,True,-0.10855539971949502,True,-0.06451612903225801,-0.003431244856881288,0.12783080465735108,2026
2026-08-11,2026-08-12,000989,1,-0.013664301564799,0,False,,False,,False,,0.012840777014556215,-0.018373232053905175,2026
2026-08-11,2026-08-12,002119,1,0.0119689438995698,0,False,,False,,False,,0.07426540567150042,-0.03458455749084954,2026
2026-08-11,2026-08-12,300383,1,-0.0122564912440419,0,False,,False,,False,,-0.04800940143771926,-0.10444566157089652,2026
2026-08-11,2026-08-12,301070,1,-0.0330878907278614,0,False,,False,,False,,0.06645106645106647,0.01547701547701541,2026
2026-08-11,2026-08-12,600183,1,0.0064533689930879,0,False,,False,,False,,0.01898176458002987,0.06919627374483017,2026
2026-08-11,2026-08-12,601869,1,0.0219273701279163,0,False,,False,,False,,0.12286534808160932,0.22113309335338416,2026
2026-08-28,2026-09-03,001339,6,-0.0034989793069429,0,False,,False,,False,,-0.05440771850424864,-0.015583905724261049,2026
2026-08-28,2026-09-03,300568,6,-0.114431120257708,1,False,,False,,False,,0.06882913664150037,0.09096253893668171,2026
2026-08-28,2026-09-03,300813,6,-0.0363159032241851,0,False,,False,,False,,0.002446108879004205,0.057361465155893576,2026
2026-08-28,2026-09-03,600131,6,-0.0106879130027289,0,False,,False,,False,,-0.013202404298114812,-0.03755107698164317,2026
2026-08-28,2026-09-03,605020,6,-0.0375680771399616,1,False,,False,,False,,-0.011735102048093249,-0.03933010226706346,2026
2026-08-28,2026-09-03,688131,6,-0.042042580414074,3,False,,False,,False,,0.016177578028885087,0.020405327713451715,2026
